業態コード,業態名称,営業部コード,営業部名称,店舗コード,店舗名称,営業日,曜日,曜日区分,店休,天候,最高気温,最低気温,売上分類,売上実績,売上月次予算,売上予算比,売上累計予算比,売上前年,売上前年比,客数実績,組数実績,客数客単価,客数回転数,客数月次予算,客数予算比,客数前年,客数前年比,仕入月次予算,仕入実績,売上仕入率,累計仕入率,人件費月次予算,人件費実績,売上人件費率,累計人件費率,売上FL率,累計FL率,労働時間,人時売上,廃棄額,売上廃棄率,イベント
0001,千房直営,000001,第1エリア,002   ,千日前本店,2026/04/27,月,平日,,曇,22.0,14.0,計,449539,600000,0.7492,0.7492,575826,0.7807,177,72,2539.8,2.01,300,0.5900,271,0.6531,0,176901,0.3935,0.3935,0,120800,0.2687,0.2687,0.6622,0.6622,4517,5971.3,,0.0000,
0001,千房直営,000001,第1エリア,002   ,千日前本店,2026/04/28,火,平日,,曇,25.0,15.0,計,359450,500000,0.7189,0.7354,621898,0.5780,144,65,2496.2,1.64,250,0.5760,268,0.5373,0,189321,0.5267,0.4527,0,119759,0.3332,0.2974,0.8599,0.7500,4770,4521.4,,0.0000,
0001,千房直営,000001,第1エリア,002   ,千日前本店,2026/04/29,水,日祝,,曇,20.0,16.0,計,642885,650000,0.9891,0.8296,475203,1.3529,274,117,2346.3,3.11,325,0.8431,211,1.2986,0,32560,0.0506,0.2747,0,171509,0.2668,0.2838,0.3174,0.5585,6739,5723.9,,0.0000,
0001,千房直営,000001,第1エリア,002   ,千日前本店,2026/04/30,木,平日,,雨,17.0,13.0,計,536142,500000,1.0723,0.8836,411889,1.3017,213,92,2517.1,2.42,250,0.8520,218,0.9771,0,,0.0000,0.2006,0,148548,0.2771,0.2820,0.2771,0.4826,5799,5547.3,,0.0000,
0001,千房直営,000002,第2エリア,005   ,リノアス八尾支店,2026/04/27,月,平日,,晴,22.0,14.0,計,132084,140000,0.9435,0.9435,135498,0.9748,76,44,1737.9,0.86,74,1.0270,72,1.0556,0,105521,0.7989,0.7989,0,53650,0.4062,0.4062,1.2051,1.2051,2542,3117.6,,0.0000,
0001,千房直営,000002,第2エリア,005   ,リノアス八尾支店,2026/04/28,火,平日,,曇,26.0,14.0,計,137357,200000,0.6868,0.7925,354201,0.3878,78,44,1761.0,0.89,105,0.7429,178,0.4382,0,33401,0.2432,0.5156,0,63351,0.4612,0.4342,0.7044,0.9498,2896,2845.8,,0.0000,
0001,千房直営,000002,第2エリア,005   ,リノアス八尾支店,2026/04/29,水,日祝,,曇,20.0,16.0,計,235462,360000,0.6541,0.7213,192597,1.2226,129,63,1825.3,1.47,189,0.6825,100,1.2900,0,13421,0.0570,0.3017,0,97653,0.4147,0.4251,0.4717,0.7269,4206,3358.9,,0.0000,
0001,千房直営,000002,第2エリア,005   ,リノアス八尾支店,2026/04/30,木,平日,,雨,16.0,12.0,計,155807,180000,0.8656,0.7508,210781,0.7392,77,47,2023.5,0.88,95,0.8105,108,0.7130,0,45978,0.2951,0.3002,0,64072,0.4112,0.4219,0.7063,0.7220,2827,3306.8,,0.0000,
0001,千房直営,000001,第1エリア,010   ,京都アバンティ支店,2026/04/27,月,平日,,晴,22.0,14.0,計,157655,250000,0.6306,0.6306,260495,0.6052,66,32,2388.7,1.94,162,0.4074,119,0.5546,0,108856,0.6905,0.6905,0,55890,0.3545,0.3545,1.0450,1.0450,2051,4612.0,,0.0000,
0001,千房直営,000001,第1エリア,010   ,京都アバンティ支店,2026/04/28,火,平日,,晴,27.0,13.0,計,302050,250000,1.2082,0.9194,338086,0.8934,109,54,2771.1,3.21,162,0.6728,140,0.7786,0,121690,0.4029,0.5015,0,66694,0.2208,0.2667,0.6237,0.7682,2578,7029.9,,0.0000,
0001,千房直営,000001,第1エリア,010   ,京都アバンティ支店,2026/04/29,水,日祝,,曇,19.0,15.0,計,285858,430000,0.6648,0.8017,271916,1.0513,114,55,2507.5,3.35,344,0.3314,124,0.9194,0,4860,0.0170,0.3157,0,74213,0.2596,0.2640,0.2766,0.5797,2821,6079.9,,0.0000,
0001,千房直営,000001,第1エリア,010   ,京都アバンティ支店,2026/04/30,木,平日,,雨,16.0,13.0,計,209334,250000,0.8373,0.8092,267929,0.7813,91,47,2300.4,2.68,162,0.5617,114,0.7982,0,30196,0.1442,0.2781,0,71871,0.3433,0.2814,0.4876,0.5595,2581,4866.3,,0.0000,
0001,千房直営,000001,第1エリア,013   ,堺東支店,2026/04/27,月,平日,,晴,22.0,14.0,計,183851,160000,1.1491,1.1491,310497,0.5921,95,58,1935.3,1.70,88,1.0795,141,0.6738,0,71710,0.3900,0.3900,0,56803,0.3090,0.3090,0.6990,0.6990,2513,4389.6,,0.0000,
0001,千房直営,000001,第1エリア,013   ,堺東支店,2026/04/28,火,平日,,曇,24.0,14.0,計,229359,220000,1.0425,1.0874,382143,0.6002,119,68,1927.4,2.13,122,0.9754,192,0.6198,0,96900,0.4225,0.4080,0,74847,0.3263,0.3186,0.7488,0.7267,2898,4748.6,,0.0000,
0001,千房直営,000001,第1エリア,013   ,堺東支店,2026/04/29,水,日祝,,曇,20.0,16.0,計,316008,300000,1.0534,1.0724,246759,1.2806,152,81,2079.0,2.71,166,0.9157,133,1.1429,0,32515,0.1029,0.2758,0,112141,0.3549,0.3343,0.4578,0.6101,4077,4650.6,,0.0000,
0001,千房直営,000001,第1エリア,013   ,堺東支店,2026/04/30,木,平日,,雨,17.0,13.0,計,228417,240000,0.9517,1.0409,240942,0.9480,112,67,2039.4,2.00,133,0.8421,140,0.8000,0,133733,0.5855,0.3497,0,110209,0.4825,0.3697,1.0680,0.7193,3848,3561.6,,0.0000,
0001,千房直営,000001,第1エリア,014   ,高槻阪急スクエア支店,2026/04/27,月,平日,,晴,22.0,14.0,計,191173,180000,1.0621,1.0621,248385,0.7697,116,64,1648.0,2.19,0,,146,0.7945,0,81439,0.4260,0.4260,0,57512,0.3008,0.3008,0.7268,0.7268,2541,4514.1,,0.0000,
0001,千房直営,000001,第1エリア,014   ,高槻阪急スクエア支店,2026/04/28,火,平日,,晴,26.0,13.0,計,206299,180000,1.1461,1.1041,367507,0.5613,113,59,1825.7,2.13,0,,182,0.6209,0,61135,0.2963,0.3587,0,60257,0.2921,0.2963,0.5884,0.6550,2708,4570.9,,0.0000,
0001,千房直営,000001,第1エリア,014   ,高槻阪急スクエア支店,2026/04/29,水,日祝,,曇,19.0,15.0,計,330651,180000,1.8370,1.3484,183358,1.8033,186,79,1777.7,3.51,0,,111,1.6757,0,,0.0000,0.1958,0,94663,0.2863,0.2918,0.2863,0.4876,4153,4777.0,,0.0000,
0001,千房直営,000001,第1エリア,014   ,高槻阪急スクエア支店,2026/04/30,木,平日,,雨,16.0,12.0,計,197640,180000,1.0980,1.2858,211496,0.9345,107,58,1847.1,2.02,0,,108,0.9907,0,61882,0.3131,0.2209,0,69728,0.3528,0.3048,0.6659,0.5256,2916,4066.7,,0.0000,
0001,千房直営,000002,第2エリア,015   ,曽根崎支店,2026/04/27,月,平日,,曇,22.0,14.0,計,,0,,,,,,,,0,0,,,,0,720,,,0,0,,,,,0,,,,
0001,千房直営,000002,第2エリア,015   ,曽根崎支店,2026/04/28,火,平日,,曇,25.0,14.0,計,94335,300000,0.3145,0.3145,324497,0.2907,33,18,2858.6,0.69,99,0.3333,116,0.2845,0,235537,2.4968,2.5044,0,41592,0.4409,0.4409,2.9377,2.9453,1582,3577.8,,0.0000,
0001,千房直営,000002,第2エリア,015   ,曽根崎支店,2026/04/29,水,日祝,,曇,20.0,16.0,計,293944,380000,0.7735,0.5710,265520,1.1071,102,46,2881.8,2.13,126,0.8095,79,1.2911,0,32552,0.1107,0.6923,0,90336,0.3073,0.3398,0.4181,1.0321,3546,4973.7,,0.0000,
0001,千房直営,000002,第2エリア,015   ,曽根崎支店,2026/04/30,木,平日,,雨,16.0,13.0,計,137807,280000,0.4922,0.5480,148655,0.9270,46,22,2995.8,0.96,93,0.4946,58,0.7931,0,87070,0.6318,0.6765,0,48682,0.3533,0.3433,0.9851,1.0198,1892,4370.2,,0.0000,
0001,千房直営,000004,第4エリア,034   ,華 恵比寿ガーデンプレイス店,2026/04/27,月,平日,,雨,20.0,14.0,計,284935,200000,1.4247,1.4247,353343,0.8064,42,13,6784.2,0.84,20,2.1000,43,0.9767,0,68166,0.2392,0.2392,0,88759,0.3115,0.3115,0.5507,0.5507,3489,4900.0,,0.0000,
0001,千房直営,000004,第4エリア,034   ,華 恵比寿ガーデンプレイス店,2026/04/28,火,平日,,晴,22.0,13.0,計,229084,350000,0.6545,0.9346,498421,0.4596,42,18,5454.4,0.84,50,0.8400,94,0.4468,0,266893,1.1650,0.6518,0,83164,0.3630,0.3345,1.5281,0.9863,3172,4333.2,,0.0000,
0001,千房直営,000004,第4エリア,034   ,華 恵比寿ガーデンプレイス店,2026/04/29,水,日祝,,曇,20.0,14.0,計,502054,600000,0.8368,0.8835,311406,1.6122,60,25,8367.6,1.20,100,0.6000,53,1.1321,0,72638,0.1447,0.4012,0,123879,0.2467,0.2911,0.3914,0.6924,4552,6617.6,,0.0000,
0001,千房直営,000004,第4エリア,034   ,華 恵比寿ガーデンプレイス店,2026/04/30,木,平日,,曇,15.0,13.0,計,280899,250000,1.1236,0.9264,389580,0.7210,41,18,6851.2,0.82,40,1.0250,79,0.5190,0,236791,0.8430,0.4969,0,94583,0.3367,0.3010,1.1797,0.7979,3564,4728.9,,0.0000,
0001,千房直営,000002,第2エリア,035   ,京橋京阪モール支店,2026/04/27,月,平日,,曇,22.0,14.0,計,136178,160000,0.8511,0.8511,188628,0.7219,66,38,2063.3,1.74,84,0.7857,94,0.7021,0,79610,0.5846,0.5846,0,51349,0.3771,0.3771,0.9617,0.9617,2014,4056.9,,0.0000,
0001,千房直営,000002,第2エリア,035   ,京橋京阪モール支店,2026/04/28,火,平日,,曇,25.0,14.0,計,102185,180000,0.5677,0.7011,228903,0.4464,61,34,1675.2,1.61,105,0.5810,115,0.5304,0,168188,1.6459,1.0396,0,49574,0.4851,0.4234,2.1311,1.4630,1946,3150.6,,0.0000,
0001,千房直営,000002,第2エリア,035   ,京橋京阪モール支店,2026/04/29,水,日祝,,曇,20.0,16.0,計,232367,250000,0.9295,0.7978,120494,1.9285,123,60,1889.2,3.24,131,0.9389,61,2.0164,0,26610,0.1145,0.5829,0,79447,0.3419,0.3832,0.4564,0.9661,3284,4245.4,,0.0000,
0001,千房直営,000002,第2エリア,035   ,京橋京阪モール支店,2026/04/30,木,平日,,雨,16.0,13.0,計,148434,180000,0.8246,0.8041,163025,0.9105,76,44,1953.1,2.00,94,0.8085,85,0.8941,0,138600,0.9337,0.6670,0,52841,0.3560,0.3767,1.2897,1.0437,2198,4051.9,,0.0000,
0001,千房直営,000002,第2エリア,040   ,ハービスＰＬＡＺＡ梅田支店,2026/04/27,月,平日,,曇,22.0,14.0,計,145745,210000,0.6940,0.6940,263911,0.5523,67,39,2175.3,1.91,105,0.6381,122,0.5492,0,63543,0.4360,0.4360,0,66868,0.4588,0.4588,0.8948,0.8948,2273,3847.2,,0.0000,
0001,千房直営,000002,第2エリア,040   ,ハービスＰＬＡＺＡ梅田支店,2026/04/28,火,平日,,曇,25.0,14.0,計,175726,210000,0.8368,0.7654,269038,0.6532,77,36,2282.2,2.20,105,0.7333,117,0.6581,0,33482,0.1905,0.3018,0,57699,0.3283,0.3875,0.5189,0.6893,2431,4337.1,,0.0000,
0001,千房直営,000002,第2エリア,040   ,ハービスＰＬＡＺＡ梅田支店,2026/04/29,水,日祝,,曇,20.0,16.0,計,246899,300000,0.8230,0.7894,255055,0.9680,100,49,2469.0,2.86,150,0.6667,109,0.9174,0,25754,0.1043,0.2160,0,78020,0.3160,0.3564,0.4203,0.5725,2837,5221.7,,0.0000,
0001,千房直営,000002,第2エリア,040   ,ハービスＰＬＡＺＡ梅田支店,2026/04/30,木,平日,,雨,16.0,13.0,計,217172,210000,1.0342,0.8447,223281,0.9726,86,49,2525.3,2.46,105,0.8190,94,0.9149,0,18873,0.0869,0.1803,0,81328,0.3745,0.3614,0.4614,0.5418,3083,4226.5,,0.0000,
0001,千房直営,000003,第3エリア,052   ,有楽町ビックカメラ支店,2026/04/27,月,平日,,雨,19.0,14.0,計,244645,250000,0.9786,0.9786,317776,0.7699,98,37,2496.4,1.75,83,1.1807,106,0.9245,0,125877,0.5145,0.5145,0,84343,0.3448,0.3448,0.8593,0.8593,2806,5231.2,,0.0000,
0001,千房直営,000003,第3エリア,052   ,有楽町ビックカメラ支店,2026/04/28,火,平日,,晴,22.0,13.0,計,313177,300000,1.0439,1.0142,529166,0.5918,85,39,3684.4,1.52,100,0.8500,203,0.4187,0,186188,0.5945,0.5594,0,96609,0.3085,0.3244,0.9030,0.8838,3241,5797.8,,0.0000,
0001,千房直営,000003,第3エリア,052   ,有楽町ビックカメラ支店,2026/04/29,水,日祝,,曇,20.0,14.0,計,449208,500000,0.8984,0.9591,336067,1.3367,181,75,2481.8,3.23,210,0.8619,125,1.4480,0,8356,0.0186,0.3182,0,103458,0.2303,0.2824,0.2489,0.6006,3565,7560.3,,0.0000,
0001,千房直営,000003,第3エリア,052   ,有楽町ビックカメラ支店,2026/04/30,木,平日,,曇,15.0,13.0,計,245985,250000,0.9839,0.9639,291986,0.8425,83,39,2963.7,1.48,83,1.0000,109,0.7615,0,48245,0.1961,0.2942,0,59775,0.2430,0.2747,0.4391,0.5689,2161,6829.8,,0.0000,
0001,千房直営,000003,第3エリア,053   ,そごう横浜店,2026/04/27,月,平日,,曇,19.0,14.0,計,168666,210000,0.8032,0.8032,259185,0.6508,72,40,2342.6,1.44,87,0.8276,105,0.6857,9870,161888,0.9598,0.9598,0,49383,0.2928,0.2928,1.2526,1.2526,1857,5449.6,,0.0000,
0001,千房直営,000003,第3エリア,053   ,そごう横浜店,2026/04/28,火,平日,,晴,22.0,13.0,計,227679,260000,0.8757,0.8433,548861,0.4148,94,45,2422.1,1.88,108,0.8704,236,0.3983,9870,89499,0.3931,0.6343,0,58354,0.2563,0.2718,0.6494,0.9061,2370,5764.0,,0.0000,
0001,千房直営,000003,第3エリア,053   ,そごう横浜店,2026/04/29,水,日祝,,曇,20.0,16.0,計,425187,460000,0.9243,0.8834,213686,1.9898,174,73,2443.6,3.48,201,0.8657,91,1.9121,16560,29499,0.0694,0.3419,0,81715,0.1922,0.2306,0.2616,0.5725,3182,8017.4,,0.0000,
0001,千房直営,000003,第3エリア,053   ,そごう横浜店,2026/04/30,木,平日,,雨,16.0,14.0,計,195782,210000,0.9323,0.8924,244570,0.8005,85,41,2303.3,1.70,87,0.9770,99,0.8586,9870,102095,0.5215,0.3765,0,84985,0.4341,0.2698,0.9556,0.6462,3271,3591.2,,0.0000,
0001,千房直営,000003,第3エリア,057   ,ルミネ立川支店,2026/04/27,月,平日,,曇,20.0,13.0,計,124233,160000,0.7765,0.7765,179563,0.6919,61,37,2036.6,1.39,78,0.7821,83,0.7349,0,83133,0.6692,0.6692,0,71108,0.5724,0.5724,1.2415,1.2415,2980,2501.3,,0.0000,
0001,千房直営,000003,第3エリア,057   ,ルミネ立川支店,2026/04/28,火,平日,,晴,24.0,11.0,計,202817,160000,1.2676,1.0220,413144,0.4909,93,53,2180.8,2.11,78,1.1923,190,0.4895,0,40767,0.2010,0.3788,0,70492,0.3476,0.4330,0.5486,0.8118,2791,4360.1,,0.0000,
0001,千房直営,000003,第3エリア,057   ,ルミネ立川支店,2026/04/29,水,日祝,,雨,17.0,14.0,計,400897,350000,1.1454,1.0865,158074,2.5361,203,99,1974.9,4.61,176,1.1534,79,2.5696,0,96398,0.2405,0.3026,0,117202,0.2923,0.3555,0.5328,0.6582,4833,4977.0,,0.0000,
0001,千房直営,000003,第3エリア,057   ,ルミネ立川支店,2026/04/30,木,平日,,曇,15.0,12.0,計,112230,160000,0.7014,1.0123,179874,0.6239,58,31,1935.0,1.32,221,0.2624,92,0.6304,0,47963,0.4274,0.3193,0,62295,0.5551,0.3822,0.9824,0.7015,2566,2624.2,,0.0000,
0001,千房直営,000002,第2エリア,059   ,あべのキューズモール支店,2026/04/27,月,平日,,晴,22.0,14.0,計,143859,200000,0.7193,0.7193,200827,0.7163,88,44,1634.8,1.76,111,0.7928,105,0.8381,0,100007,0.6952,0.6952,0,72152,0.5015,0.5015,1.1967,1.1967,2734,3157.1,,0.0000,
0001,千房直営,000002,第2エリア,059   ,あべのキューズモール支店,2026/04/28,火,平日,,曇,25.0,15.0,計,283715,200000,1.4186,1.0689,432362,0.6562,146,61,1943.3,2.92,111,1.3153,260,0.5615,0,143498,0.5058,0.5695,0,76901,0.2711,0.3486,0.7768,0.9181,3061,5561.2,,0.0000,
0001,千房直営,000002,第2エリア,059   ,あべのキューズモール支店,2026/04/29,水,日祝,,曇,20.0,16.0,計,392188,420000,0.9338,0.9997,149382,2.6254,213,94,1841.3,4.26,233,0.9142,100,2.1300,0,,0.0000,0.2970,0,113077,0.2883,0.3198,0.2883,0.6168,4402,5345.6,,0.0000,
0001,千房直営,000002,第2エリア,059   ,あべのキューズモール支店,2026/04/30,木,平日,,雨,16.0,13.0,計,237236,200000,1.1862,1.0363,200210,1.1849,115,56,2062.9,2.30,111,1.0360,130,0.8846,0,60951,0.2569,0.2880,0,66961,0.2823,0.3113,0.5392,0.5994,2628,5416.3,,0.0000,
0001,千房直営,000003,第3エリア,064   ,ヨドバシHD池袋ビル支店,2026/04/27,月,平日,,曇,19.0,14.0,計,126800,150000,0.8453,0.8453,161658,0.7844,58,34,2186.2,1.66,90,0.6444,71,0.8169,54600,33336,0.2629,0.2629,0,55708,0.4393,0.4393,0.7022,0.7022,2270,3351.5,,0.0000,
0001,千房直営,000003,第3エリア,064   ,ヨドバシHD池袋ビル支店,2026/04/28,火,平日,,晴,22.0,12.0,計,159770,180000,0.8876,0.8684,285097,0.5604,69,32,2315.5,1.97,108,0.6389,127,0.5433,54600,78274,0.4899,0.3895,0,65375,0.4092,0.4225,0.8991,0.8120,2949,3250.7,,0.0000,
0001,千房直営,000003,第3エリア,064   ,ヨドバシHD池袋ビル支店,2026/04/29,水,日祝,,曇,20.0,14.0,計,269496,320000,0.8422,0.8555,127839,2.1081,127,62,2122.0,3.63,218,0.5826,64,1.9844,68160,8359,0.0310,0.2157,0,73964,0.2745,0.3508,0.3055,0.5665,2963,5457.2,,0.0000,
0001,千房直営,000003,第3エリア,064   ,ヨドバシHD池袋ビル支店,2026/04/30,木,平日,,曇,15.0,13.0,計,65045,150000,0.4336,0.7764,126046,0.5160,33,18,1971.1,0.94,90,0.3667,67,0.4925,54600,42609,0.6551,0.2618,0,57128,0.8783,0.4060,1.5334,0.6678,2355,1657.2,,0.0000,
0001,千房直営,000002,第2エリア,065   ,名代JO-TERRACE OSAKA店,2026/04/27,月,平日,,曇,22.0,14.0,計,,0,,,214132,0.0000,,,,0,0,,122,0.0000,0,,,,0,0,,,,,0,,,,店休日
0001,千房直営,000002,第2エリア,065   ,名代JO-TERRACE OSAKA店,2026/04/28,火,平日,,曇,25.0,15.0,計,34133,230000,0.1484,0.1484,305528,0.1117,18,9,1896.3,0.31,121,0.1488,159,0.1132,0,32428,0.9500,0.9500,0,43660,1.2791,1.2791,2.2292,2.2292,1610,1272.0,,0.0000,MASSIVE BEATS OSAKA
0001,千房直営,000002,第2エリア,065   ,名代JO-TERRACE OSAKA店,2026/04/29,水,日祝,,曇,20.0,16.0,計,196926,380000,0.5182,0.3788,181978,1.0821,101,44,1949.8,1.74,200,0.5050,99,1.0202,0,,0.0000,0.1403,0,76739,0.3897,0.5211,0.3897,0.6614,2770,4265.5,,0.0000,REQUESTAGE 2026
0001,千房直営,000002,第2エリア,065   ,名代JO-TERRACE OSAKA店,2026/04/30,木,平日,,雨,17.0,13.0,計,81460,140000,0.5819,0.4167,,,43,16,1894.4,0.74,73,0.5890,,,0,9900,0.1215,0.1354,0,62525,0.7676,0.5853,0.8891,0.7208,2293,2131.5,,0.0000,イベントなし
0001,千房直営,000003,第3エリア,066   ,セレオ八王子支店,2026/04/27,月,平日,,雨,19.0,13.0,計,134329,120000,1.1194,1.1194,139517,0.9628,68,48,1975.4,1.79,62,1.0968,75,0.9067,0,43662,0.3250,0.3250,0,75982,0.5656,0.5656,0.8907,0.8907,3294,2446.8,,0.0000,
0001,千房直営,000003,第3エリア,066   ,セレオ八王子支店,2026/04/28,火,平日,,晴,25.0,10.0,計,124936,120000,1.0411,1.0803,198155,0.6305,65,38,1922.1,1.71,62,1.0484,92,0.7065,0,111833,0.8951,0.5998,0,70008,0.5604,0.5631,1.4555,1.1628,2924,2563.7,,0.0000,
0001,千房直営,000003,第3エリア,066   ,セレオ八王子支店,2026/04/29,水,日祝,,雨,18.0,14.0,計,191680,210000,0.9128,1.0021,117247,1.6348,102,52,1879.2,2.68,112,0.9107,67,1.5224,0,15724,0.0820,0.3797,0,64697,0.3375,0.4672,0.4196,0.8469,2705,4251.7,,0.0000,
0001,千房直営,000003,第3エリア,066   ,セレオ八王子支店,2026/04/30,木,平日,,雨,14.0,12.0,計,154379,120000,1.2865,1.0620,120367,1.2826,75,44,2058.4,1.97,62,1.2097,70,1.0714,0,,0.0000,0.2829,0,71037,0.4601,0.4654,0.4601,0.7483,3047,3040.0,,0.0000,
0001,千房直営,000002,第2エリア,067   ,ららぽーと名古屋みなとアクルス店,2026/04/27,月,平日,,晴,22.0,14.0,計,115653,140000,0.8261,0.8261,161238,0.7173,79,33,1464.0,1.41,83,0.9518,93,0.8495,0,91668,0.7926,0.7926,0,57732,0.4992,0.4992,1.2918,1.2918,2210,3139.9,,0.0000,
0001,千房直営,000002,第2エリア,067   ,ららぽーと名古屋みなとアクルス店,2026/04/28,火,平日,,晴,27.0,13.0,計,178845,140000,1.2775,1.0518,407239,0.4392,109,51,1640.8,1.95,83,1.3133,221,0.4932,0,127648,0.7137,0.7447,0,63708,0.3562,0.4124,1.0700,1.1571,2707,3964.1,,0.0000,
0001,千房直営,000002,第2エリア,067   ,ららぽーと名古屋みなとアクルス店,2026/04/29,水,日祝,,曇,19.0,15.0,計,407029,400000,1.0176,1.0317,153036,2.6597,239,96,1703.1,4.27,238,1.0042,89,2.6854,0,7480,0.0184,0.3233,0,122294,0.3005,0.3474,0.3188,0.6707,4683,5215.0,,0.0000,
0001,千房直営,000002,第2エリア,067   ,ららぽーと名古屋みなとアクルス店,2026/04/30,木,平日,,雨,16.0,13.0,計,177678,140000,1.2691,1.0722,117681,1.5098,104,49,1708.4,1.86,83,1.2530,71,1.4648,0,198633,1.1179,0.4839,0,89513,0.5038,0.3790,1.6217,0.8629,3752,2841.3,,0.0000,
0001,千房直営,000003,第3エリア,068   ,舞 イクスピアリ店,2026/04/27,月,平日,,曇,20.0,14.0,計,352051,320000,1.1002,1.1002,436876,0.8058,164,67,2146.7,3.15,160,1.0250,208,0.7885,0,136548,0.3879,0.3879,0,99395,0.2823,0.2823,0.6702,0.6702,3677,5744.6,,0.0000,
0001,千房直営,000003,第3エリア,068   ,舞 イクスピアリ店,2026/04/28,火,平日,,晴,21.0,13.0,計,276432,320000,0.8639,0.9820,462436,0.5978,131,50,2110.2,2.52,160,0.8188,239,0.5481,0,248153,0.8977,0.6121,0,108729,0.3933,0.3312,1.2910,0.9433,3898,4255.0,,0.0000,
0001,千房直営,000003,第3エリア,068   ,舞 イクスピアリ店,2026/04/29,水,日祝,,曇,20.0,15.0,計,657889,600000,1.0965,1.0374,346374,1.8994,289,115,2276.4,5.56,300,0.9633,170,1.7000,0,103677,0.1576,0.3797,0,138345,0.2103,0.2693,0.3679,0.6490,4904,8049.2,,0.0000,
0001,千房直営,000003,第3エリア,068   ,舞 イクスピアリ店,2026/04/30,木,平日,,曇,16.0,14.0,計,397340,300000,1.3245,1.0933,325076,1.2223,160,65,2483.4,3.08,150,1.0667,164,0.9756,0,167677,0.4220,0.3896,0,99100,0.2494,0.2646,0.6714,0.6543,3723,6403.5,,0.0000,
0001,千房直営,000003,第3エリア,069   ,有明ガーデン支店,2026/04/27,月,平日,,曇,20.0,14.0,計,140096,220000,0.6368,0.6368,404331,0.3465,61,36,2296.7,1.24,97,0.6289,141,0.4326,48620,110651,0.7898,0.7898,0,85364,0.6093,0.6093,1.3991,1.3991,2948,2851.3,,0.0000,
0001,千房直営,000003,第3エリア,069   ,有明ガーデン支店,2026/04/28,火,平日,,晴,21.0,13.0,計,266677,220000,1.2122,0.9245,551176,0.4838,126,65,2116.5,2.57,97,1.2990,218,0.5780,48620,228952,0.8585,0.8349,0,91109,0.3416,0.4338,1.2002,1.2687,2840,5634.0,,0.0000,
0001,千房直営,000003,第3エリア,069   ,有明ガーデン支店,2026/04/29,水,日祝,,曇,20.0,15.0,計,561904,550000,1.0216,0.9785,142910,3.9319,257,125,2186.4,5.24,257,1.0000,64,4.0156,90200,51906,0.0924,0.4042,0,129960,0.2313,0.3163,0.3237,0.7205,4623,7292.7,,0.0000,
0001,千房直営,000003,第3エリア,069   ,有明ガーデン支店,2026/04/30,木,平日,,曇,16.0,14.0,計,212885,200000,1.0644,0.9929,217665,0.9780,89,41,2392.0,1.82,95,0.9368,118,0.7542,90200,77541,0.3642,0.3970,0,95076,0.4466,0.3398,0.8108,0.7368,3265,3912.1,,0.0000,
0001,千房直営,000002,第2エリア,071   ,イオンモール各務原インター支店,2026/04/27,月,平日,,晴,23.0,14.0,計,43920,80000,0.5490,0.5490,125547,0.3498,30,18,1464.0,0.64,59,0.5085,83,0.3614,0,28942,0.6590,0.6590,0,29381,0.6690,0.6690,1.3279,1.3279,1449,1818.6,,0.0000,
0001,千房直営,000002,第2エリア,071   ,イオンモール各務原インター支店,2026/04/28,火,平日,,晴,25.0,12.0,計,84088,80000,1.0511,0.8001,204574,0.4110,55,31,1528.9,1.17,59,0.9322,133,0.4135,0,44561,0.5299,0.5742,0,33617,0.3998,0.4921,0.9297,1.0663,1423,3545.5,,0.0000,
0001,千房直営,000002,第2エリア,071   ,イオンモール各務原インター支店,2026/04/29,水,日祝,,曇,20.0,15.0,計,171392,180000,0.9522,0.8806,86729,1.9762,110,50,1558.1,2.34,124,0.8871,61,1.8033,0,7480,0.0436,0.2705,0,54993,0.3209,0.3941,0.3645,0.6646,2421,4247.6,,0.0000,
0001,千房直営,000002,第2エリア,071   ,イオンモール各務原インター支店,2026/04/30,木,平日,,雨,15.0,13.0,計,105635,80000,1.3204,0.9644,98657,1.0707,71,38,1487.8,1.51,59,1.2034,79,0.8987,0,7474,0.0708,0.2184,0,40516,0.3835,0.3913,0.4543,0.6097,1591,3983.7,,0.0000,
0001,千房直営,600000,本社,1000  ,本社,2026/04/27,月,平日,,晴,22.0,14.0,計,,,,,,,,,,,,,,,,,,,,0,,,,,0,,,,
0001,千房直営,600000,本社,1000  ,本社,2026/04/28,火,平日,,曇,25.0,15.0,計,,,,,,,,,,,,,,,,,,,,0,,,,,0,,,,
0001,千房直営,600000,本社,1000  ,本社,2026/04/29,水,日祝,,曇,20.0,16.0,計,,,,,,,,,,,,,,,,,,,,0,,,,,0,,,,
0001,千房直営,600000,本社,1000  ,本社,2026/04/30,木,平日,,雨,17.0,13.0,計,,,,,,,,,,,,,,,,,,,,0,,,,,0,,,,
0001,千房直営,000004,第4エリア,101   ,ぷれじでんと南本店,2026/04/27,月,平日,,曇,22.0,14.0,計,221702,300000,0.7390,0.7390,327881,0.6762,23,9,9639.2,0.79,27,0.8519,32,0.7188,0,210509,0.9495,0.9495,0,52669,0.2376,0.2376,1.1871,1.1871,1973,6742.1,,0.0000,
0001,千房直営,000004,第4エリア,101   ,ぷれじでんと南本店,2026/04/28,火,平日,,曇,25.0,15.0,計,241056,350000,0.6887,0.7119,236290,1.0202,25,7,9642.2,0.86,32,0.7813,28,0.8929,0,31496,0.1307,0.5230,0,69879,0.2899,0.2648,0.4205,0.7878,2559,5652.0,,0.0000,
0001,千房直営,000004,第4エリア,101   ,ぷれじでんと南本店,2026/04/29,水,日祝,,曇,20.0,16.0,計,229243,300000,0.7641,0.7284,417830,0.5487,20,6,11462.2,0.69,27,0.7407,38,0.5263,0,10330,0.0451,0.3646,0,62156,0.2711,0.2669,0.3162,0.6316,2233,6159.7,,0.0000,
0001,千房直営,000004,第4エリア,101   ,ぷれじでんと南本店,2026/04/30,木,平日,,雨,17.0,13.0,計,301970,250000,1.2079,0.8283,349273,0.8646,38,13,7946.6,1.31,22,1.7273,27,1.4074,0,63666,0.2108,0.3179,0,79353,0.2628,0.2657,0.4736,0.5836,2784,6508.0,,0.0000,
0001,千房直営,000004,第4エリア,102   ,ぷれじでんと北店,2026/04/27,月,平日,,曇,22.0,14.0,計,362710,400000,0.9068,0.9068,220966,1.6415,28,7,12953.9,0.90,32,0.8750,16,1.7500,0,129951,0.3583,0.3583,0,99967,0.2756,0.2756,0.6339,0.6339,3776,5763.4,,0.0000,
0001,千房直営,000004,第4エリア,102   ,ぷれじでんと北店,2026/04/28,火,平日,,曇,25.0,14.0,計,466897,450000,1.0375,0.9760,384220,1.2152,36,8,12969.4,1.16,36,1.0000,35,1.0286,0,163042,0.3492,0.3532,0,110319,0.2363,0.2535,0.5855,0.6066,3817,7339.2,,0.0000,
0001,千房直営,000004,第4エリア,102   ,ぷれじでんと北店,2026/04/29,水,日祝,,曇,20.0,16.0,計,68930,350000,0.1969,0.7488,410580,0.1679,10,4,6893.0,0.32,28,0.3571,31,0.3226,0,21129,0.3065,0.3496,0,61789,0.8964,0.3028,1.2029,0.6524,2282,1812.4,,0.0000,
0001,千房直営,000004,第4エリア,102   ,ぷれじでんと北店,2026/04/30,木,平日,,雨,16.0,13.0,計,479250,350000,1.3693,0.8889,417867,1.1469,40,13,11981.3,1.29,28,1.4286,40,1.0000,0,26107,0.0545,0.2469,0,119346,0.2490,0.2841,0.3035,0.5310,4093,7025.4,,0.0000,
0001,千房直営,000004,第4エリア,103   ,ぷれじでんとシェラトン都ホテル大阪店,2026/04/27,月,平日,,晴,22.0,14.0,計,,0,,,,,,,,0,0,,,,0,,,,0,0,,,,,0,,,,
0001,千房直営,000004,第4エリア,103   ,ぷれじでんとシェラトン都ホテル大阪店,2026/04/28,火,平日,,曇,25.0,15.0,計,419922,400000,1.0498,1.0498,585485,0.7172,52,21,8075.4,1.21,52,1.0000,91,0.5714,0,262856,0.6260,0.6260,0,143555,0.3419,0.3419,0.9678,0.9678,5380,4683.1,,0.0000,
0001,千房直営,000004,第4エリア,103   ,ぷれじでんとシェラトン都ホテル大阪店,2026/04/29,水,日祝,,曇,20.0,16.0,計,501581,800000,0.6270,0.7679,184989,2.7114,80,28,6269.8,1.86,105,0.7619,36,2.2222,0,20944,0.0418,0.3080,0,199003,0.3968,0.3717,0.4385,0.6797,7370,4083.4,,0.0000,
0001,千房直営,000004,第4エリア,103   ,ぷれじでんとシェラトン都ホテル大阪店,2026/04/30,木,平日,,雨,16.0,13.0,計,560330,350000,1.6009,0.9560,286437,1.9562,67,23,8363.1,1.56,45,1.4889,35,1.9143,0,291529,0.5203,0.3883,0,167192,0.2984,0.3440,0.8187,0.7323,6000,5603.3,,0.0000,
0001,千房直営,000004,第4エリア,109   ,ぷれじでんとオー・エム・ホテル日航ビル店,2026/04/27,月,平日,,曇,22.0,14.0,計,,0,,,,,,,,0,0,,,,0,,,,0,0,,,,,0,,,,
0001,千房直営,000004,第4エリア,109   ,ぷれじでんとオー・エム・ホテル日航ビル店,2026/04/28,火,平日,,曇,25.0,15.0,計,338822,350000,0.9681,0.9681,422299,0.8023,37,15,9157.4,1.32,39,0.9487,58,0.6379,0,470107,1.3875,1.3875,0,99039,0.2923,0.2923,1.6798,1.6798,3648,5572.7,,0.0000,
0001,千房直営,000004,第4エリア,109   ,ぷれじでんとオー・エム・ホテル日航ビル店,2026/04/29,水,日祝,,曇,20.0,16.0,計,398277,500000,0.7966,0.8672,282295,1.4109,32,11,12446.2,1.14,56,0.5714,28,1.1429,0,60070,0.1508,0.7193,0,110923,0.2785,0.2848,0.4293,1.0041,3857,6195.6,,0.0000,
0001,千房直営,000004,第4エリア,109   ,ぷれじでんとオー・エム・ホテル日航ビル店,2026/04/30,木,平日,,雨,17.0,13.0,計,386920,250000,1.5477,1.0218,402444,0.9614,40,13,9673.0,1.43,28,1.4286,39,1.0256,0,263648,0.6814,0.7062,0,104057,0.2689,0.2794,0.9503,0.9856,3708,6260.8,,0.0000,
0001,千房直営,000004,第4エリア,111   ,ぷれじでんと大丸心斎橋店,2026/04/27,月,平日,,曇,22.0,14.0,計,495580,450000,1.1013,1.1013,383070,1.2937,70,25,7079.7,2.06,62,1.1290,69,1.0145,0,115692,0.2334,0.2334,0,86354,0.1742,0.1742,0.4077,0.4077,3161,9406.8,,0.0000,
0001,千房直営,000004,第4エリア,111   ,ぷれじでんと大丸心斎橋店,2026/04/28,火,平日,,曇,25.0,15.0,計,877070,500000,1.7541,1.4449,701644,1.2500,116,43,7560.9,3.41,69,1.6812,96,1.2083,0,42749,0.0487,0.1154,0,111253,0.1268,0.1440,0.1756,0.2594,3965,13272.2,,0.0000,
0001,千房直営,000004,第4エリア,111   ,ぷれじでんと大丸心斎橋店,2026/04/29,水,日祝,,曇,20.0,16.0,計,,700000,0.0000,0.8319,312223,0.0000,,,,0,97,0.0000,43,0.0000,0,,,0.1154,0,141163,,0.2468,,0.3622,4975,0,,,
0001,千房直営,000004,第4エリア,111   ,ぷれじでんと大丸心斎橋店,2026/04/30,木,平日,,雨,17.0,13.0,計,409705,450000,0.9105,0.8487,303625,1.3494,70,30,5852.9,2.06,62,1.1290,52,1.3462,0,140202,0.3422,0.1676,0,137902,0.3366,0.2674,0.6788,0.4350,4904,5012.7,,0.0000,
0001,千房直営,000004,第4エリア,112   ,琥 虎ノ門,2026/04/27,月,平日,,曇,20.0,14.0,計,328480,250000,1.3139,1.3139,120500,2.7260,18,4,18248.9,1.29,15,1.2000,5,3.6000,0,92521,0.2817,0.2817,0,82408,0.2509,0.2509,0.5325,0.5325,2800,7038.9,,0.0000,
0001,千房直営,000004,第4エリア,112   ,琥 虎ノ門,2026/04/28,火,平日,,晴,22.0,13.0,計,14760,250000,0.0590,0.6865,140530,0.1050,2,1,7380.0,0.14,15,0.1333,11,0.1818,0,87712,5.9425,0.5251,0,34964,2.3688,0.3420,8.3114,0.8670,1228,721.2,,0.0000,
0001,千房直営,000004,第4エリア,112   ,琥 虎ノ門,2026/04/29,水,日祝,,曇,20.0,15.0,計,112200,250000,0.4488,0.6073,347730,0.3227,12,5,9350.0,0.86,15,0.8000,8,1.5000,0,,0.0000,0.3957,0,56777,0.5060,0.3824,0.5060,0.7781,1852,3635.0,,0.0000,
0001,千房直営,000004,第4エリア,112   ,琥 虎ノ門,2026/04/30,木,平日,,曇,16.0,14.0,計,61250,250000,0.2450,0.5167,276850,0.2212,7,3,8750.0,0.50,15,0.4667,15,0.4667,0,61282,1.0005,0.4674,0,53347,0.8710,0.4403,1.8715,0.9077,1780,2064.6,,0.0000,
0001,千房直営,000004,第4エリア,113   ,ぷれじでんとRetreat,2026/04/27,月,平日,,曇,22.0,14.0,計,162888,80000,2.0361,2.0361,60470,2.6937,11,5,14808.0,1.10,6,1.8333,4,2.7500,0,26116,0.1603,0.1603,0,36165,0.2220,0.2220,0.3824,0.3824,1312,7449.1,,0.0000,
0001,千房直営,000004,第4エリア,113   ,ぷれじでんとRetreat,2026/04/28,火,平日,,曇,25.0,14.0,計,91304,90000,1.0145,1.4952,8050,11.3421,9,3,10144.9,0.90,7,1.2857,2,4.5000,0,5144,0.0563,0.1230,0,29270,0.3206,0.2574,0.3769,0.3804,1054,5197.6,,0.0000,
0001,千房直営,000004,第4エリア,113   ,ぷれじでんとRetreat,2026/04/29,水,日祝,,曇,20.0,16.0,計,,90000,0.0000,0.9777,126791,0.0000,,,,0,7,0.0000,8,0.0000,0,,,0.1230,0,0,,0.2574,,0.3804,0,,,,
0001,千房直営,000004,第4エリア,113   ,ぷれじでんとRetreat,2026/04/30,木,平日,,雨,16.0,13.0,計,106382,90000,1.1820,1.0302,,,8,4,13297.8,0.80,7,1.1429,,,0,65108,0.6120,0.2673,0,35722,0.3358,0.2805,0.9478,0.5478,1246,5122.7,,0.0000,
0001,千房直営,000001,第1エリア,301   ,道頓堀ビル店,2026/04/27,月,平日,,曇,22.0,14.0,計,1382394,1800000,0.7680,0.7680,1625576,0.8504,630,237,2194.3,3.41,0,,714,0.8824,0,711685,0.5148,0.5148,0,299132,0.2164,0.2164,0.7312,0.7312,12124,6841.3,,0.0000,
0001,千房直営,000001,第1エリア,301   ,道頓堀ビル店,2026/04/28,火,平日,,曇,25.0,15.0,計,1078960,1800000,0.5994,0.6837,1878434,0.5744,445,183,2424.6,2.41,0,,832,0.5349,0,969093,0.8982,0.6829,0,302233,0.2801,0.2443,1.1783,0.9272,11978,5404.7,,0.0000,
0001,千房直営,000001,第1エリア,301   ,道頓堀ビル店,2026/04/29,水,日祝,,曇,20.0,16.0,計,1402315,2000000,0.7012,0.6899,1771748,0.7915,533,215,2631.0,2.88,0,,766,0.6958,0,26756,0.0191,0.4419,0,346907,0.2474,0.2454,0.2665,0.6874,13181,6383.3,,0.0000,
0001,千房直営,000001,第1エリア,301   ,道頓堀ビル店,2026/04/30,木,平日,,雨,17.0,13.0,計,1281465,1800000,0.7119,0.6953,1620310,0.7909,527,203,2431.6,2.85,0,,785,0.6713,0,363254,0.2835,0.4025,0,274847,0.2145,0.2377,0.4979,0.6402,10564,7278.3,,0.0000,
0001,千房直営,600000,本社,333   ,検証,2026/04/27,月,平日,,曇,22.0,14.0,計,,,,,,,,,,,,,,,,,,,,0,,,,,0,,,,
0001,千房直営,600000,本社,333   ,検証,2026/04/28,火,平日,,曇,25.0,15.0,計,,,,,,,,,,,,,,,,,,,,0,,,,,0,,,,
0001,千房直営,600000,本社,333   ,検証,2026/04/29,水,日祝,,曇,20.0,16.0,計,,,,,,,,,,,,,,,,,,,,0,,,,,0,,,,
0001,千房直営,600000,本社,333   ,検証,2026/04/30,木,平日,,雨,17.0,13.0,計,,,,,,,,,,,,,,,,,,,,0,,,,,0,,,,
0001,千房直営,600000,本社,350   ,直営統括共通,2026/04/27,月,平日,,晴,22.0,14.0,計,,,,,,,,,,,,,,,,,,,,0,,,,,0,,,,
0001,千房直営,600000,本社,350   ,直営統括共通,2026/04/28,火,平日,,曇,25.0,15.0,計,,,,,,,,,,,,,,,,,,,,0,,,,,0,,,,
0001,千房直営,600000,本社,350   ,直営統括共通,2026/04/29,水,日祝,,曇,20.0,16.0,計,,,,,,,,,,,,,,,,,,,,0,,,,,0,,,,
0001,千房直営,600000,本社,350   ,直営統括共通,2026/04/30,木,平日,,雨,17.0,13.0,計,,,,,,,,,,,,,,,,,,,,0,,,,,0,,,,
0001,千房直営,600000,本社,352   ,商品企画,2026/04/27,月,平日,,晴,22.0,14.0,計,,,,,,,,,,,,,,,,,,,,0,,,,,0,,,,
0001,千房直営,600000,本社,352   ,商品企画,2026/04/28,火,平日,,曇,25.0,15.0,計,,,,,,,,,,,,,,,,,,,,0,,,,,0,,,,
0001,千房直営,600000,本社,352   ,商品企画,2026/04/29,水,日祝,,曇,20.0,16.0,計,,,,,,,,,,,,,,,,,,,,0,,,,,0,,,,
0001,千房直営,600000,本社,352   ,商品企画,2026/04/30,木,平日,,雨,17.0,13.0,計,,,,,,,,,,,,,,,,,,,,0,,,,,0,,,,
0001,千房直営,000001,第1エリア,702   ,Chibo`s Kitchen ららぽーと甲子園店,2026/04/27,月,平日,,曇,21.0,15.0,計,88167,120000,0.7347,0.7347,134380,0.6561,114,114,773.4,,0,,152,0.7500,0,115922,1.3148,1.3148,0,35324,0.4006,0.4006,1.7154,1.7154,1235,4283.4,,0.0000,
0001,千房直営,000001,第1エリア,702   ,Chibo`s Kitchen ららぽーと甲子園店,2026/04/28,火,平日,,曇,24.0,15.0,計,68095,120000,0.5675,0.6511,257663,0.2643,62,62,1098.3,,0,,238,0.2605,0,6633,0.0974,0.7843,0,40618,0.5965,0.4860,0.6939,1.2703,1447,2823.6,,0.0000,
0001,千房直営,000001,第1エリア,702   ,Chibo`s Kitchen ららぽーと甲子園店,2026/04/29,水,日祝,,雨,20.0,16.0,計,203371,300000,0.6779,0.6660,78830,2.5799,185,185,1099.3,,0,,80,2.3125,0,63850,0.3140,0.5183,0,53886,0.2650,0.3610,0.5789,0.8793,1935,6306.1,,0.0000,
0001,千房直営,000001,第1エリア,702   ,Chibo`s Kitchen ららぽーと甲子園店,2026/04/30,木,平日,,雨,16.0,13.0,計,73187,120000,0.6099,0.6558,135449,0.5403,68,68,1076.3,,0,,129,0.5271,0,38196,0.5219,0.5189,0,43647,0.5964,0.4008,1.1183,0.9197,1462,3003.6,,0.0000,
0001,千房直営,040000,ODEN事業部,704   ,すみ吉 心斎橋,2026/04/27,月,平日,,曇,22.0,14.0,計,64590,130000,0.4968,0.4968,90481,0.7139,7,4,9227.1,0.41,0,,8,0.8750,0,18463,0.2858,0.2858,0,55966,0.8665,0.8665,1.1523,1.1523,2014,1924.2,,0.0000,
0001,千房直営,040000,ODEN事業部,704   ,すみ吉 心斎橋,2026/04/28,火,平日,,曇,25.0,15.0,計,90274,140000,0.6448,0.5736,123799,0.7292,10,5,9027.4,0.59,0,,17,0.5882,0,11920,0.1320,0.1962,0,49638,0.5499,0.6819,0.6819,0.8781,1724,3141.8,,0.0000,
0001,千房直営,040000,ODEN事業部,704   ,すみ吉 心斎橋,2026/04/29,水,日祝,,曇,20.0,16.0,計,,140000,0.0000,0.3777,,,,,,0,0,,,,0,,,0.1962,0,0,,0.6819,,0.8781,0,,,,
0001,千房直営,040000,ODEN事業部,704   ,すみ吉 心斎橋,2026/04/30,木,平日,,雨,17.0,13.0,計,140385,150000,0.9359,0.5272,112730,1.2453,16,7,8774.1,0.94,0,,11,1.4545,0,16282,0.1160,0.1581,0,78230,0.5573,0.6226,0.6732,0.7807,2514,3350.5,,0.0000,
0001,千房直営,030000,キッチンカー,800   ,キッチンカー,2026/04/27,月,平日,,曇,22.0,14.0,計,,,,,,,,,,,,,,,,,,,,0,,,,,0,,,,
0001,千房直営,030000,キッチンカー,800   ,キッチンカー,2026/04/28,火,平日,,曇,25.0,15.0,計,,,,,,,,,,,,,,,,,,,,0,,,,,0,,,,
0001,千房直営,030000,キッチンカー,800   ,キッチンカー,2026/04/29,水,日祝,,曇,20.0,16.0,計,,,,,,,,,,,,,,,,,,,,0,,,,,0,,,,
0001,千房直営,030000,キッチンカー,800   ,キッチンカー,2026/04/30,木,平日,,雨,17.0,13.0,計,,,,,,,,,,,,,,,,,,,,0,,,,,0,,,,
0002,千房FC,500002,FC第2エリア,515   ,大和郡山店,2026/04/27,月,平日,休,晴,22.0,13.0,計,,0,,,,,,,,0,0,,,,0,,,,,0,,,,,0,,,,
0002,千房FC,500002,FC第2エリア,515   ,大和郡山店,2026/04/28,火,平日,休,曇,26.0,13.0,計,,0,,,,,,,,0,0,,,,0,,,,,0,,,,,0,,,,
0002,千房FC,500002,FC第2エリア,515   ,大和郡山店,2026/04/29,水,日祝,,曇,20.0,15.0,計,,80000,0.0000,0.0000,,,,,,0,0,,,,0,,,,,0,,,,,0,,,,
0002,千房FC,500002,FC第2エリア,515   ,大和郡山店,2026/04/30,木,平日,,雨,16.0,11.0,計,,65000,0.0000,0.0000,,,,,,0,0,,,,0,,,,,0,,,,,0,,,,
0002,千房FC,500003,FC第3エリア,516   ,阪急服部店,2026/04/27,月,平日,,曇,22.0,14.0,計,77775,73000,1.0654,1.0654,127481,0.6101,41,18,1897.0,0.95,49,0.8367,59,0.6949,0,36145,0.4647,0.4647,,0,0.0000,0.0000,0.4647,0.4647,0,,,0.0000,
0002,千房FC,500003,FC第3エリア,516   ,阪急服部店,2026/04/28,火,平日,,晴,25.0,14.0,計,57751,73000,0.7911,0.9283,131268,0.4399,33,19,1750.0,0.77,49,0.6735,68,0.4853,0,23872,0.4134,0.4428,,0,0.0000,0.0000,0.4134,0.4428,0,,,0.0000,
0002,千房FC,500003,FC第3エリア,516   ,阪急服部店,2026/04/29,水,日祝,,雨,19.0,15.0,計,119509,140000,0.8536,0.8917,69238,1.7261,64,32,1867.3,1.49,89,0.7191,33,1.9394,0,,0.0000,0.2353,,0,0.0000,0.0000,0.0000,0.2353,0,,,0.0000,
0002,千房FC,500003,FC第3エリア,516   ,阪急服部店,2026/04/30,木,平日,,雨,16.0,12.0,計,80737,73000,1.1060,0.9353,125959,0.6410,35,21,2306.8,0.81,49,0.7143,62,0.5645,0,,0.0000,0.1787,,0,0.0000,0.0000,0.0000,0.1787,0,,,0.0000,
0002,千房FC,500003,FC第3エリア,522   ,金剛店,2026/04/27,月,平日,,晴,21.0,13.0,計,72913,90000,0.8101,0.8101,99046,0.7362,38,17,1918.8,0.86,47,0.8085,62,0.6129,1890,27869,0.3822,0.3822,,23344,0.3202,0.3202,0.7024,0.7024,1112,3934.2,,0.0000,
0002,千房FC,500003,FC第3エリア,522   ,金剛店,2026/04/28,火,平日,休,曇,25.0,14.0,計,,0,,0.8101,159936,0.0000,,,,0,0,,76,0.0000,0,,,0.3822,,0,,0.3202,,0.7024,0,,,,
0002,千房FC,500003,FC第3エリア,522   ,金剛店,2026/04/29,水,日祝,,曇,20.0,15.0,計,187796,160000,1.1737,1.0428,,,103,41,1823.3,2.34,90,1.1444,,,3680,,0.0000,0.1069,,43387,0.2310,0.2560,0.2310,0.3629,2038,5528.8,,0.0000,
0002,千房FC,500003,FC第3エリア,522   ,金剛店,2026/04/30,木,平日,,雨,16.0,12.0,計,97353,90000,1.0817,1.0531,54647,1.7815,54,22,1802.8,1.23,47,1.1489,30,1.8000,1890,15800,0.1623,0.1220,,24959,0.2564,0.2561,0.4187,0.3780,1184,4933.4,,0.0000,
0002,千房FC,500004,FC第4エリア,526   ,高知野市店,2026/04/27,月,平日,,晴,25.0,15.0,計,39908,25000,1.5963,1.5963,27064,1.4746,23,10,1735.1,1.00,12,1.9167,17,1.3529,8725,,0.0000,0.0000,,0,0.0000,0.0000,0.0000,0.0000,0,,,0.0000,
0002,千房FC,500004,FC第4エリア,526   ,高知野市店,2026/04/28,火,平日,,曇,23.0,14.0,計,42912,25000,1.7165,1.6564,30035,1.4287,19,9,2258.5,0.83,12,1.5833,17,1.1176,8725,14268,0.3325,0.1723,,0,0.0000,0.0000,0.3325,0.1723,0,,,0.0000,
0002,千房FC,500004,FC第4エリア,526   ,高知野市店,2026/04/29,水,日祝,休,曇,24.0,16.0,計,20892,0,,2.0742,,,11,3,1899.3,0.48,0,,,,0,,0.0000,0.1376,,0,0.0000,0.0000,0.0000,0.1376,0,,,0.0000,
0002,千房FC,500004,FC第4エリア,526   ,高知野市店,2026/04/30,木,平日,,雨,16.0,13.0,計,47078,25000,1.8831,2.0105,25216,1.8670,22,11,2139.9,0.96,12,1.8333,15,1.4667,8725,2185,0.0464,0.1091,,0,0.0000,0.0000,0.0464,0.1091,0,,,0.0000,
0002,千房FC,500004,FC第4エリア,527   ,岡山大安寺店,2026/04/27,月,平日,,,,,計,171880,93703,1.8343,1.8343,185809,0.9250,120,55,1432.3,1.25,76,1.5789,143,0.8392,15624,14760,0.0859,0.0859,,0,0.0000,0.0000,0.0859,0.0859,0,,,0.0000,
0002,千房FC,500004,FC第4エリア,527   ,岡山大安寺店,2026/04/28,火,平日,,,,,計,225921,93000,2.4293,2.1307,214065,1.0554,135,65,1673.5,1.41,76,1.7763,182,0.7418,15624,3120,0.0138,0.0449,,0,0.0000,0.0000,0.0138,0.0449,0,,,0.0000,
0002,千房FC,500004,FC第4エリア,527   ,岡山大安寺店,2026/04/29,水,日祝,,,,,計,172130,210000,0.8197,1.4367,154314,1.1155,126,58,1366.1,1.31,168,0.7500,127,0.9921,31080,,0.0000,0.0314,,0,0.0000,0.0000,0.0000,0.0314,0,,,0.0000,
0002,千房FC,500004,FC第4エリア,527   ,岡山大安寺店,2026/04/30,木,平日,,,,,計,94423,93000,1.0153,1.3566,90220,1.0466,75,39,1259.0,0.78,76,0.9868,67,1.1194,15624,56624,0.5997,0.1121,,0,0.0000,0.0000,0.5997,0.1121,0,,,0.0000,
0002,千房FC,500004,FC第4エリア,529   ,高知南国店,2026/04/27,月,平日,,晴,25.0,15.0,計,71861,70000,1.0266,1.0266,112297,0.6399,51,24,1409.0,1.16,56,0.9107,96,0.5313,15353,,0.0000,0.0000,,0,0.0000,0.0000,0.0000,0.0000,0,,,0.0000,
0002,千房FC,500004,FC第4エリア,529   ,高知南国店,2026/04/28,火,平日,,晴,24.0,15.0,計,60291,70000,0.8613,0.9439,117487,0.5132,43,25,1402.1,0.98,56,0.7679,95,0.4526,15353,33838,0.5612,0.2561,,0,0.0000,0.0000,0.5612,0.2561,0,,,0.0000,
0002,千房FC,500004,FC第4エリア,529   ,高知南国店,2026/04/29,水,日祝,,曇,26.0,17.0,計,127510,119081,1.0708,1.0022,48576,2.6250,90,39,1416.8,2.05,95,0.9474,35,2.5714,24126,3790,0.0297,0.1449,,0,0.0000,0.0000,0.0297,0.1449,0,,,0.0000,
0002,千房FC,500004,FC第4エリア,529   ,高知南国店,2026/04/30,木,平日,,雨,17.0,14.0,計,86296,70000,1.2328,1.0513,89030,0.9693,57,28,1514.0,1.30,56,1.0179,74,0.7703,15353,15467,0.1792,0.1535,,0,0.0000,0.0000,0.1792,0.1535,0,,,0.0000,
0002,千房FC,500004,FC第4エリア,531   ,高松レインボー店,2026/04/27,月,平日,,曇,23.0,14.0,計,90689,100000,0.9069,0.9069,103594,0.8754,76,20,1193.3,1.19,52,1.4615,75,1.0133,0,3900,0.0430,0.0430,0,47027,0.5186,0.5186,0.5616,0.5616,2099,2592.3,,0.0000,
0002,千房FC,500004,FC第4エリア,531   ,高松レインボー店,2026/04/28,火,平日,,晴,24.0,14.0,計,208538,110000,1.8958,1.4249,141083,1.4781,141,41,1479.0,2.20,57,2.4737,103,1.3689,0,3070,0.0147,0.0233,0,41491,0.1990,0.2958,0.2137,0.3191,2003,6246.8,,0.0000,
0002,千房FC,500004,FC第4エリア,531   ,高松レインボー店,2026/04/29,水,日祝,,雨,20.0,17.0,計,231775,200000,1.1589,1.2951,123920,1.8704,146,61,1587.5,2.28,101,1.4455,81,1.8025,0,13907,0.0600,0.0393,0,81528,0.3518,0.3202,0.4118,0.3596,4241,3279.1,,0.0000,
0002,千房FC,500004,FC第4エリア,531   ,高松レインボー店,2026/04/30,木,平日,,雨,15.0,12.0,計,54211,100000,0.5421,1.1475,104998,0.5163,43,21,1260.7,0.67,52,0.8269,72,0.5972,0,62744,1.1574,0.1429,0,17362,0.3203,0.3202,1.4777,0.4631,665,4891.2,,0.0000,
0002,千房FC,500002,FC第2エリア,534   ,札幌アスティ４５店,2026/04/27,月,平日,,晴,16.0,8.0,計,106362,110000,0.9669,0.9669,167740,0.6341,74,41,1437.3,1.54,69,1.0725,100,0.7400,27390,2291,0.0215,0.0215,,0,0.0000,0.0000,0.0215,0.0215,0,,,0.0000,
0002,千房FC,500002,FC第2エリア,534   ,札幌アスティ４５店,2026/04/28,火,平日,,曇,9.0,7.0,計,172631,130000,1.3279,1.1625,168016,1.0275,93,48,1856.2,1.94,81,1.1481,110,0.8455,27390,69768,0.4041,0.2583,,0,0.0000,0.0000,0.4041,0.2583,0,,,0.0000,
0002,千房FC,500002,FC第2エリア,534   ,札幌アスティ４５店,2026/04/29,水,日祝,,晴,11.0,6.0,計,150707,200000,0.7535,0.9766,161932,0.9307,77,40,1957.2,1.60,120,0.6417,67,1.1493,42400,,0.0000,0.1677,,0,0.0000,0.0000,0.0000,0.1677,0,,,0.0000,
0002,千房FC,500002,FC第2エリア,534   ,札幌アスティ４５店,2026/04/30,木,平日,,晴,17.0,6.0,計,121116,110000,1.1011,1.0015,123226,0.9829,68,35,1781.1,1.42,69,0.9855,65,1.0462,27390,3362,0.0278,0.1369,,0,0.0000,0.0000,0.0278,0.1369,0,,,0.0000,
0002,千房FC,500001,FC第1エリア,535   ,丸太町七本松店,2026/04/27,月,平日,,晴,22.0,14.0,計,46269,38000,1.2176,1.2176,48098,0.9620,28,18,1652.5,1.08,14,2.0000,31,0.9032,11856,11360,0.2455,0.2455,,0,0.0000,0.0000,0.2455,0.2455,0,,,0.0000,
0002,千房FC,500001,FC第1エリア,535   ,丸太町七本松店,2026/04/28,火,平日,,晴,27.0,13.0,計,38827,35000,1.1093,1.1657,32788,1.1842,18,10,2157.1,0.69,13,1.3846,20,0.9000,11856,32318,0.8324,0.5133,,0,0.0000,0.0000,0.8324,0.5133,0,,,0.0000,
0002,千房FC,500001,FC第1エリア,535   ,丸太町七本松店,2026/04/29,水,日祝,,曇,19.0,15.0,計,29363,45000,0.6525,0.9700,14406,2.0382,16,9,1835.2,0.62,27,0.5926,1,16.0000,18180,,0.0000,0.3816,,0,0.0000,0.0000,0.0000,0.3816,0,,,0.0000,
0002,千房FC,500001,FC第1エリア,535   ,丸太町七本松店,2026/04/30,木,平日,休,雨,16.0,13.0,計,,0,,0.9700,33959,0.0000,,,,0,0,,27,0.0000,0,,,0.3816,,0,,0.0000,,0.3816,0,,,,
0002,千房FC,500001,FC第1エリア,537   ,橋本高野口店,2026/04/27,月,平日,,晴,20.0,14.0,計,148399,100000,1.4840,1.4840,136217,1.0894,108,54,1374.1,1.17,67,1.6119,98,1.1020,20047,18386,0.1239,0.1239,,0,0.0000,0.0000,0.1239,0.1239,0,,,0.0000,
0002,千房FC,500001,FC第1エリア,537   ,橋本高野口店,2026/04/28,火,平日,,曇,26.0,11.0,計,141430,100000,1.4143,1.4491,175132,0.8076,100,45,1414.3,1.09,67,1.4925,107,0.9346,20047,70439,0.4980,0.3065,,0,0.0000,0.0000,0.4980,0.3065,0,,,0.0000,
0002,千房FC,500001,FC第1エリア,537   ,橋本高野口店,2026/04/29,水,日祝,,曇,21.0,14.0,計,267206,200000,1.3360,1.3926,128899,2.0730,176,70,1518.2,1.91,137,1.2847,86,2.0465,40094,17875,0.0669,0.1916,,0,0.0000,0.0000,0.0669,0.1916,0,,,0.0000,
0002,千房FC,500001,FC第1エリア,537   ,橋本高野口店,2026/04/30,木,平日,休,雨,15.0,11.0,計,,0,,1.3926,,,,,,0,0,,,,0,,,0.1916,,0,,0.0000,,0.1916,0,,,,
0002,千房FC,500002,FC第2エリア,541   ,仙台一番町店,2026/04/27,月,平日,,雨,14.0,11.0,計,119833,80000,1.4979,1.4979,118157,1.0142,34,14,3524.5,0.63,32,1.0625,55,0.6182,23520,58368,0.4871,0.4871,,0,0.0000,0.0000,0.4871,0.4871,0,,,0.0000,
0002,千房FC,500002,FC第2エリア,541   ,仙台一番町店,2026/04/28,火,平日,,晴,20.0,12.0,計,332309,100000,3.3231,2.5119,137065,2.4245,183,22,1815.9,3.39,40,4.5750,59,3.1017,23520,25203,0.0758,0.1848,,0,0.0000,0.0000,0.0758,0.1848,0,,,0.0000,
0002,千房FC,500002,FC第2エリア,541   ,仙台一番町店,2026/04/29,水,日祝,,雨,11.0,10.0,計,133037,150000,0.8869,1.7733,117298,1.1342,50,18,2660.7,0.93,74,0.6757,52,0.9615,50550,4100,0.0308,0.1498,,0,0.0000,0.0000,0.0308,0.1498,0,,,0.0000,
0002,千房FC,500002,FC第2エリア,541   ,仙台一番町店,2026/04/30,木,平日,,晴,16.0,7.0,計,102234,80000,1.2779,1.6766,49597,2.0613,37,19,2763.1,0.69,32,1.1563,24,1.5417,23520,4309,0.0421,0.1338,,0,0.0000,0.0000,0.0421,0.1338,0,,,0.0000,
0002,千房FC,500004,FC第4エリア,542   ,広島パセーラ店,2026/04/27,月,平日,,晴,22.0,14.0,計,81656,90000,0.9073,0.9073,114927,0.7105,59,33,1384.0,1.05,54,1.0926,53,1.1132,51569,,0.0000,0.0000,,0,0.0000,0.0000,0.0000,0.0000,0,,,0.0000,
0002,千房FC,500004,FC第4エリア,542   ,広島パセーラ店,2026/04/28,火,平日,,晴,23.0,15.0,計,68985,90000,0.7665,0.8369,146833,0.4698,50,35,1379.7,0.89,54,0.9259,90,0.5556,51569,96914,1.4049,0.6433,,0,0.0000,0.0000,1.4049,0.6433,0,,,0.0000,
0002,千房FC,500004,FC第4エリア,542   ,広島パセーラ店,2026/04/29,水,日祝,,曇,19.0,16.0,計,103480,140000,0.7391,0.7941,,,71,39,1457.5,1.27,94,0.7553,,,80400,3850,0.0372,0.3965,,0,0.0000,0.0000,0.0372,0.3965,0,,,0.0000,
0002,千房FC,500004,FC第4エリア,542   ,広島パセーラ店,2026/04/30,木,平日,,雨,15.0,13.0,計,143843,90000,1.5983,0.9706,76592,1.8780,97,37,1482.9,1.73,54,1.7963,46,2.1087,51569,44820,0.3116,0.3658,,0,0.0000,0.0000,0.3116,0.3658,0,,,0.0000,
0002,千房FC,500002,FC第2エリア,544   ,静岡パルシェ店,2026/04/27,月,平日,,晴,20.0,15.0,計,66789,115000,0.5808,0.5808,92822,0.7195,190,20,351.5,4.75,69,2.7536,51,3.7255,21735,145573,2.1796,2.1796,,0,0.0000,0.0000,2.1796,2.1796,0,,,0.0000,
0002,千房FC,500002,FC第2エリア,544   ,静岡パルシェ店,2026/04/28,火,平日,,晴,24.0,15.0,計,112426,115000,0.9776,0.7792,171470,0.6557,56,30,2007.6,1.40,69,0.8116,99,0.5657,21735,3120,0.0278,0.8297,,0,0.0000,0.0000,0.0278,0.8297,0,,,0.0000,
0002,千房FC,500002,FC第2エリア,544   ,静岡パルシェ店,2026/04/29,水,日祝,,曇,24.0,16.0,計,235735,190000,1.2407,0.9880,119592,1.9712,120,60,1964.5,3.00,95,1.2632,68,1.7647,36480,42360,0.1797,0.4604,,0,0.0000,0.0000,0.1797,0.4604,0,,,0.0000,
0002,千房FC,500002,FC第2エリア,544   ,静岡パルシェ店,2026/04/30,木,平日,,雨,17.0,14.0,計,128965,115000,1.1214,1.0167,142997,0.9019,65,40,1984.1,1.63,69,0.9420,66,0.9848,21735,166408,1.2903,0.6572,,0,0.0000,0.0000,1.2903,0.6572,0,,,0.0000,
0002,千房FC,500001,FC第1エリア,546   ,江坂店,2026/04/27,月,平日,,曇,22.0,14.0,計,54481,80000,0.6810,0.6810,139637,0.3902,34,25,1602.4,1.00,48,0.7083,59,0.5763,12560,36486,0.6697,0.6697,,0,0.0000,0.0000,0.6697,0.6697,0,,,0.0000,
0002,千房FC,500001,FC第1エリア,546   ,江坂店,2026/04/28,火,平日,,曇,26.0,14.0,計,57825,80000,0.7228,0.7019,117928,0.4903,36,26,1606.3,1.06,48,0.7500,53,0.6792,12560,6200,0.1072,0.3801,,0,0.0000,0.0000,0.1072,0.3801,0,,,0.0000,
0002,千房FC,500001,FC第1エリア,546   ,江坂店,2026/04/29,水,日祝,,曇,19.0,15.0,計,92263,140000,0.6590,0.6819,,,35,16,2636.1,1.03,70,0.5000,,,25189,,0.0000,0.2087,,0,0.0000,0.0000,0.0000,0.2087,0,,,0.0000,
0002,千房FC,500001,FC第1エリア,546   ,江坂店,2026/04/30,木,平日,,雨,16.0,12.0,計,43906,80000,0.5488,0.6539,114890,0.3822,28,11,1568.1,0.82,48,0.5833,67,0.4179,12560,32644,0.7435,0.3032,,0,0.0000,0.0000,0.7435,0.3032,0,,,0.0000,
0002,千房FC,500002,FC第2エリア,554   ,ザ・モール仙台長町店,2026/04/27,月,平日,,雨,14.0,11.0,計,66112,80000,0.8264,0.8264,94597,0.6989,36,19,1836.4,0.72,48,0.7500,58,0.6207,0,57105,0.8638,0.8638,,0,0.0000,0.0000,0.8638,0.8638,0,,,0.0000,
0002,千房FC,500002,FC第2エリア,554   ,ザ・モール仙台長町店,2026/04/28,火,平日,,晴,20.0,11.0,計,77927,99569,0.7826,0.8021,147907,0.5269,51,24,1528.0,1.02,58,0.8793,90,0.5667,0,9140,0.1173,0.4599,,0,0.0000,0.0000,0.1173,0.4599,0,,,0.0000,
0002,千房FC,500002,FC第2エリア,554   ,ザ・モール仙台長町店,2026/04/29,水,日祝,,曇,12.0,10.0,計,193568,160224,1.2081,0.9936,175383,1.1037,115,49,1683.2,2.30,95,1.2105,56,2.0536,0,8390,0.0433,0.2211,,0,0.0000,0.0000,0.0433,0.2211,0,,,0.0000,
0002,千房FC,500002,FC第2エリア,554   ,ザ・モール仙台長町店,2026/04/30,木,平日,,晴,16.0,6.0,計,156675,80000,1.9584,1.1774,48679,3.2185,31,15,5054.0,0.62,48,0.6458,26,1.1923,0,2000,0.0128,0.1550,,0,0.0000,0.0000,0.0128,0.1550,0,,,0.0000,
0002,千房FC,500003,FC第3エリア,558   ,ADVANCE 広尾店,2026/04/27,月,平日,,曇,20.0,14.0,計,358164,220000,1.6280,1.6280,197615,1.8124,16,6,22385.3,0.76,22,0.7273,9,1.7778,0,13789,0.0385,0.0385,,32492,0.0907,0.0907,0.1292,0.1292,1208,17789.6,,0.0000,
0002,千房FC,500003,FC第3エリア,558   ,ADVANCE 広尾店,2026/04/28,火,平日,,晴,22.0,13.0,計,148400,220000,0.6745,1.1513,106716,1.3906,11,4,13490.9,0.52,22,0.5000,9,1.2222,0,64489,0.4346,0.1545,,26661,0.1797,0.1168,0.6142,0.2713,1012,8798.4,,0.0000,
0002,千房FC,500003,FC第3エリア,558   ,ADVANCE 広尾店,2026/04/29,水,日祝,,曇,20.0,15.0,計,282949,300000,0.9432,1.0669,79157,3.5745,18,6,15719.4,0.86,11,1.6364,5,3.6000,0,3526,0.0125,0.1036,,34817,0.1231,0.1190,0.1355,0.2226,1325,12812.8,,0.0000,
0002,千房FC,500003,FC第3エリア,558   ,ADVANCE 広尾店,2026/04/30,木,平日,,曇,16.0,14.0,計,55040,227542,0.2419,0.8729,236425,0.2328,4,2,13760.0,0.19,22,0.1818,16,0.2500,0,11334,0.2059,0.1103,,41330,0.7509,0.1602,0.9568,0.2705,1590,2077.0,,0.0000,
0002,千房FC,500004,FC第4エリア,560   ,イオンモール白山店,2026/04/27,月,平日,,晴,18.0,14.0,計,67256,95000,0.7080,0.7080,117676,0.5715,47,23,1431.0,0.94,63,0.7460,90,0.5222,0,36970,0.5497,0.5497,,0,0.0000,0.0000,0.5497,0.5497,0,,,0.0000,
0002,千房FC,500004,FC第4エリア,560   ,イオンモール白山店,2026/04/28,火,平日,,晴,23.0,13.0,計,67407,95000,0.7095,0.7088,204577,0.3295,47,27,1434.2,0.94,63,0.7460,153,0.3072,0,,0.0000,0.2745,,0,0.0000,0.0000,0.0000,0.2745,0,,,0.0000,
0002,千房FC,500004,FC第4エリア,560   ,イオンモール白山店,2026/04/29,水,日祝,,曇,17.0,13.0,計,189594,200000,0.9480,0.8314,82456,2.2993,135,67,1404.4,2.70,140,0.9643,54,2.5000,0,,0.0000,0.1140,,0,0.0000,0.0000,0.0000,0.1140,0,,,0.0000,
0002,千房FC,500004,FC第4エリア,560   ,イオンモール白山店,2026/04/30,木,平日,,曇,18.0,11.0,計,144458,95000,1.5206,0.9664,114463,1.2621,93,42,1553.3,1.86,63,1.4762,82,1.1341,0,,0.0000,0.0789,,0,0.0000,0.0000,0.0000,0.0789,0,,,0.0000,
0002,千房FC,500001,FC第1エリア,561   ,京都祇園店,2026/04/27,月,平日,,晴,21.0,14.0,計,108533,200000,0.5427,0.5427,207851,0.5222,45,16,2411.8,1.10,68,0.6618,89,0.5056,0,,0.0000,0.0000,,0,0.0000,0.0000,0.0000,0.0000,0,,,0.0000,
0002,千房FC,500001,FC第1エリア,561   ,京都祇園店,2026/04/28,火,平日,,晴,26.0,13.0,計,186137,200000,0.9307,0.7367,212004,0.8780,73,22,2549.8,1.78,68,1.0735,75,0.9733,0,30816,0.1656,0.1046,,0,0.0000,0.0000,0.1656,0.1046,0,,,0.0000,
0002,千房FC,500001,FC第1エリア,561   ,京都祇園店,2026/04/29,水,日祝,,曇,18.0,14.0,計,114015,200000,0.5701,0.6811,240296,0.4745,62,17,1839.0,1.51,80,0.7750,91,0.6813,0,4080,0.0358,0.0854,,0,0.0000,0.0000,0.0358,0.0854,0,,,0.0000,
0002,千房FC,500001,FC第1エリア,561   ,京都祇園店,2026/04/30,木,平日,,雨,15.0,13.0,計,74249,200000,0.3712,0.6037,159368,0.4659,36,13,2062.5,0.88,68,0.5294,72,0.5000,0,17961,0.2419,0.1095,,0,0.0000,0.0000,0.2419,0.1095,0,,,0.0000,
0002,千房FC,500004,FC第4エリア,562   ,せんちゅうパル店,2026/04/27,月,平日,,曇,22.0,14.0,計,146883,190000,0.7731,0.7731,209503,0.7011,89,51,1650.4,3.30,133,0.6692,137,0.6496,0,,0.0000,0.0000,0,94082,0.6405,0.6405,0.6405,0.6405,3772,2336.4,,0.0000,
0002,千房FC,500004,FC第4エリア,562   ,せんちゅうパル店,2026/04/28,火,平日,,晴,25.0,14.0,計,170782,190000,0.8989,0.8360,295215,0.5785,95,47,1797.7,3.52,133,0.7143,187,0.5080,0,,0.0000,0.0000,0,87207,0.5106,0.5707,0.5106,0.5707,3909,2621.4,,0.0000,
0002,千房FC,500004,FC第4エリア,562   ,せんちゅうパル店,2026/04/29,水,日祝,休,雨,19.0,15.0,計,,0,,0.8360,,,,,,0,0,,,,0,-1866,,-0.0059,0,0,,0.5707,,0.5648,0,,,,
0002,千房FC,500004,FC第4エリア,562   ,せんちゅうパル店,2026/04/30,木,平日,,雨,16.0,12.0,計,213286,190000,1.1226,0.9315,228488,0.9335,106,51,2012.1,3.93,133,0.7970,136,0.7794,0,1297336,6.0826,2.4399,0,84168,0.3946,0.5000,6.4772,2.9399,3442,3717.9,,0.0000,
0002,千房FC,500003,FC第3エリア,563   ,北新地,2026/04/27,月,平日,,曇,22.0,14.0,計,55830,170000,0.3284,0.3284,,,13,8,4294.6,,20,0.6500,,,10880,,0.0000,0.0000,,0,0.0000,0.0000,0.0000,0.0000,0,,,0.0000,
0002,千房FC,500003,FC第3エリア,563   ,北新地,2026/04/28,火,平日,,曇,25.0,14.0,計,205995,180000,1.1444,0.7481,,,28,13,7357.0,,21,1.3333,,,10880,,0.0000,0.0000,,0,0.0000,0.0000,0.0000,0.0000,0,,,0.0000,
0002,千房FC,500003,FC第3エリア,563   ,北新地,2026/04/29,水,日祝,,曇,20.0,16.0,計,167130,200000,0.8357,0.7799,63700,2.6237,23,5,7266.5,,23,1.0000,7,3.2857,0,,0.0000,0.0000,,0,0.0000,0.0000,0.0000,0.0000,0,,,0.0000,
0002,千房FC,500003,FC第3エリア,563   ,北新地,2026/04/30,木,平日,,雨,16.0,13.0,計,17341,170000,0.1020,0.6199,91100,0.1904,3,2,5780.3,,20,0.1500,9,0.3333,10880,,0.0000,0.0000,,0,0.0000,0.0000,0.0000,0.0000,0,,,0.0000,
1004,千房フロンティア,300000,IZAKAYA事業部,703   ,いやさか 福島本店,2026/04/27,月,平日,,曇,22.0,14.0,計,375096,380000,0.9871,0.9871,438245,0.8559,102,20,3677.4,1.42,104,0.9808,103,0.9903,0,121394,0.3236,0.3236,0,84197,0.2245,0.2245,0.5481,0.5481,3711,6064.6,,0.0000,
1004,千房フロンティア,300000,IZAKAYA事業部,703   ,いやさか 福島本店,2026/04/28,火,平日,,曇,25.0,14.0,計,468265,380000,1.2323,1.1097,142506,3.2859,113,20,4143.9,1.57,104,1.0865,49,2.3061,0,60360,0.1289,0.2155,0,101594,0.2170,0.2203,0.3459,0.4358,4378,6417.5,,0.0000,
1004,千房フロンティア,300000,IZAKAYA事業部,703   ,いやさか 福島本店,2026/04/29,水,日祝,,曇,20.0,16.0,計,146988,340000,0.4323,0.9003,361791,0.4063,39,15,3768.9,0.54,93,0.4194,95,0.4105,0,47223,0.3213,0.2312,0,69020,0.4696,0.2573,0.7908,0.4885,3048,2893.5,,0.0000,
1004,千房フロンティア,300000,IZAKAYA事業部,703   ,いやさか 福島本店,2026/04/30,木,平日,,雨,17.0,13.0,計,382334,380000,1.0061,0.9275,320743,1.1920,100,14,3823.3,1.39,104,0.9615,119,0.8403,0,54026,0.1413,0.2062,0,96660,0.2528,0.2560,0.3941,0.4622,3929,5838.6,,0.0000,
1004,千房フロンティア,300000,IZAKAYA事業部,705   ,ときわ福島,2026/04/27,月,平日,,曇,22.0,14.0,計,125977,110000,1.1452,1.1452,150703,0.8359,34,5,3705.2,0.85,30,1.1333,37,0.9189,0,55796,0.4429,0.4429,0,32427,0.2574,0.2574,0.7003,0.7003,1418,5330.5,,0.0000,
1004,千房フロンティア,300000,IZAKAYA事業部,705   ,ときわ福島,2026/04/28,火,平日,,曇,25.0,14.0,計,154794,110000,1.4072,1.2762,62966,2.4584,37,7,4183.6,0.93,30,1.2333,22,1.6818,0,11945,0.0772,0.2413,0,17289,0.1117,0.1771,0.1889,0.4183,721,12881.6,,0.0000,
1004,千房フロンティア,300000,IZAKAYA事業部,705   ,ときわ福島,2026/04/29,水,日祝,,曇,20.0,16.0,計,66174,110000,0.6016,1.0513,103656,0.6384,19,4,3482.8,0.48,30,0.6333,28,0.6786,0,15549,0.2350,0.2401,0,9692,0.1465,0.1712,0.3814,0.4113,384,10339.7,,0.0000,
1004,千房フロンティア,300000,IZAKAYA事業部,705   ,ときわ福島,2026/04/30,木,平日,,雨,17.0,13.0,計,111458,110000,1.0133,1.0418,84766,1.3149,29,7,3843.4,0.73,30,0.9667,22,1.3182,0,14375,0.1290,0.2131,0,33581,0.3013,0.2029,0.4303,0.4159,1374,4867.2,,0.0000,
1004,千房フロンティア,300000,IZAKAYA事業部,706   ,いやさか別邸(旧 大阪吉野工房),2026/04/27,月,平日,,曇,22.0,14.0,計,2278,2000,1.1390,1.1390,0,,2,2,1139.0,,1,2.0000,0,,0,11755,5.1602,5.1602,0,0,0.0000,0.0000,5.1602,5.1602,0,,,0.0000,
1004,千房フロンティア,300000,IZAKAYA事業部,706   ,いやさか別邸(旧 大阪吉野工房),2026/04/28,火,平日,,曇,25.0,14.0,計,2278,2000,1.1390,1.1390,2093,1.0884,2,2,1139.0,,1,2.0000,1,2.0000,0,21856,9.5944,7.3773,0,0,0.0000,0.0000,9.5944,7.3773,0,,,0.0000,
1004,千房フロンティア,300000,IZAKAYA事業部,706   ,いやさか別邸(旧 大阪吉野工房),2026/04/29,水,日祝,,曇,20.0,16.0,計,4556,2000,2.2780,1.5187,862,5.2854,1,1,4556.0,,1,1.0000,1,1.0000,0,10395,2.2816,4.8295,0,0,0.0000,0.0000,2.2816,4.8295,0,,,0.0000,
1004,千房フロンティア,300000,IZAKAYA事業部,706   ,いやさか別邸(旧 大阪吉野工房),2026/04/30,木,平日,,雨,17.0,13.0,計,0,2000,0.0000,1.1390,1204,0.0000,0,0,,,1,0.0000,1,0.0000,0,,,4.8295,0,0,,0.0000,,4.8295,0,,,,
