業態コード,業態名称,営業部コード,営業部名称,店舗コード,店舗名称,営業日,曜日,曜日区分,店休,天候,最高気温,最低気温,売上分類,売上実績,売上月次予算,売上予算比,売上累計予算比,売上前年,売上前年比,客数実績,組数実績,客数客単価,客数回転数,客数月次予算,客数予算比,客数前年,客数前年比,仕入月次予算,仕入実績,売上仕入率,累計仕入率,人件費月次予算,人件費実績,売上人件費率,累計人件費率,売上FL率,累計FL率,労働時間,人時売上,廃棄額,売上廃棄率,イベント
0001,千房直営,000001,第1エリア,002   ,千日前本店,2026/06/01,月,平日,,晴,29.0,22.0,計,433426,450000,0.9632,0.9632,551178,0.7864,195,74,2222.7,2.22,195,1.0000,244,0.7992,0,148077,0.3416,0.3416,0,111246,0.2567,0.2567,0.5983,0.5983,4831,5383.1,,0.0000,
0001,千房直営,000001,第1エリア,002   ,千日前本店,2026/06/02,火,平日,,雨,23.0,19.0,計,577347,600000,0.9622,0.9626,610929,0.9450,227,71,2543.4,2.58,260,0.8731,264,0.8598,0,201139,0.3484,0.3455,0,115143,0.1994,0.2240,0.5478,0.5695,5029,6888.2,,0.0000,
0001,千房直営,000001,第1エリア,002   ,千日前本店,2026/06/03,水,平日,,曇,27.0,19.0,計,391749,550000,0.7123,0.8766,553661,0.7076,204,68,1920.3,2.32,239,0.8536,246,0.8293,0,,0.0000,0.2490,0,95147,0.2429,0.2293,0.2429,0.4782,4117,5709.2,,0.0000,
0001,千房直営,000001,第1エリア,002   ,千日前本店,2026/06/04,木,平日,,晴,27.0,21.0,計,509723,550000,0.9268,0.8894,609824,0.8359,211,74,2415.7,2.40,239,0.8828,236,0.8941,0,,0.0000,0.1826,0,109969,0.2157,0.2257,0.2157,0.4083,4700,6507.1,,0.0000,
0001,千房直営,000001,第1エリア,002   ,千日前本店,2026/06/05,金,平日,,曇,24.0,20.0,計,428222,600000,0.7137,0.8511,572116,0.7485,198,79,2162.7,2.25,260,0.7615,290,0.6828,0,,0.0000,0.1492,0,101215,0.2364,0.2276,0.2364,0.3768,4463,5757.0,,0.0000,
0001,千房直営,000001,第1エリア,002   ,千日前本店,2026/06/06,土,土曜,,晴,27.0,20.0,計,1101340,950000,1.1593,0.9302,799547,1.3775,383,133,2875.6,4.35,412,0.9296,367,1.0436,0,,0.0000,0.1015,0,191346,0.1737,0.2104,0.1737,0.3118,8342,7921.4,,0.0000,
0001,千房直営,000001,第1エリア,002   ,千日前本店,2026/06/07,日,日祝,,雨,23.0,19.0,計,884470,800000,1.1056,0.9614,925301,0.9559,400,147,2211.2,4.55,347,1.1527,372,1.0753,0,,0.0000,0.0807,0,158626,0.1793,0.2040,0.1793,0.2848,7030,7548.8,,0.0000,
0001,千房直営,000002,第2エリア,005   ,リノアス八尾支店,2026/06/01,月,平日,,晴,29.0,20.0,計,158361,120000,1.3197,1.3197,93379,1.6959,78,42,2030.3,0.89,63,1.2381,46,1.6957,0,157803,0.9965,0.9965,0,52745,0.3331,0.3331,1.3295,1.3295,2214,4291.6,,0.0000,
0001,千房直営,000002,第2エリア,005   ,リノアス八尾支店,2026/06/02,火,平日,,雨,23.0,19.0,計,96832,110000,0.8803,1.1095,95804,1.0107,51,28,1898.7,0.58,58,0.8793,58,0.8793,0,45351,0.4683,0.7961,0,54752,0.5654,0.4212,1.0338,1.2173,2453,2368.5,,0.0000,
0001,千房直営,000002,第2エリア,005   ,リノアス八尾支店,2026/06/03,水,平日,,曇,26.0,19.0,計,86260,110000,0.7842,1.0043,96712,0.8919,42,26,2053.8,0.48,58,0.7241,62,0.6774,0,37537,0.4352,0.7049,0,48015,0.5566,0.4554,0.9918,1.1603,2121,2440.2,,0.0000,
0001,千房直営,000002,第2エリア,005   ,リノアス八尾支店,2026/06/04,木,平日,,晴,27.0,20.0,計,70032,150000,0.4669,0.8398,138515,0.5056,36,23,1945.3,0.41,79,0.4557,85,0.4235,0,46822,0.6686,0.6987,0,49226,0.7029,0.4976,1.3715,1.1963,2143,1960.8,,0.0000,
0001,千房直営,000002,第2エリア,005   ,リノアス八尾支店,2026/06/05,金,平日,,曇,24.0,19.0,計,168264,140000,1.2019,0.9202,122737,1.3709,91,46,1849.1,1.03,74,1.2297,79,1.1519,0,32179,0.1912,0.5514,0,54049,0.3212,0.4464,0.5125,0.9978,2345,4305.3,,0.0000,
0001,千房直営,000002,第2エリア,005   ,リノアス八尾支店,2026/06/06,土,土曜,,晴,28.0,20.0,計,266830,300000,0.8894,0.9103,275887,0.9672,144,63,1853.0,1.64,158,0.9114,128,1.1250,0,54964,0.2060,0.4426,0,93369,0.3499,0.4160,0.5559,0.8585,4038,3964.8,,0.0000,
0001,千房直営,000002,第2エリア,005   ,リノアス八尾支店,2026/06/07,日,日祝,,雨,22.0,19.0,計,296020,300000,0.9867,0.9289,273561,1.0821,154,70,1922.2,1.75,158,0.9747,146,1.0548,0,10890,0.0368,0.3374,0,83674,0.2827,0.3814,0.3195,0.7189,3519,5047.2,,0.0000,
0001,千房直営,000001,第1エリア,010   ,京都アバンティ支店,2026/06/01,月,平日,,晴,32.0,20.0,計,233966,220000,1.0635,1.0635,221670,1.0555,102,51,2293.8,3.00,141,0.7234,87,1.1724,0,138130,0.5904,0.5904,0,53797,0.2299,0.2299,0.8203,0.8203,2246,6250.2,,0.0000,
0001,千房直営,000001,第1エリア,010   ,京都アバンティ支店,2026/06/02,火,平日,,雨,23.0,20.0,計,117579,220000,0.5345,0.7990,243109,0.4836,62,32,1896.4,1.82,141,0.4397,118,0.5254,0,37119,0.3157,0.4985,0,45783,0.3894,0.2833,0.7051,0.7818,1953,3612.3,,0.0000,
0001,千房直営,000001,第1エリア,010   ,京都アバンティ支店,2026/06/03,水,平日,,曇,25.0,19.0,計,198665,220000,0.9030,0.8337,159420,1.2462,82,47,2422.7,2.41,141,0.5816,87,0.9425,0,48866,0.2460,0.4073,0,53515,0.2694,0.2782,0.5153,0.6856,2351,5070.1,,0.0000,
0001,千房直営,000001,第1エリア,010   ,京都アバンティ支店,2026/06/04,木,平日,,晴,26.0,20.0,計,123934,230000,0.5388,0.7575,189404,0.6543,54,33,2295.1,1.59,147,0.3673,87,0.6207,0,90967,0.7340,0.4674,0,47077,0.3799,0.2969,1.1139,0.7643,2074,3585.4,,0.0000,
0001,千房直営,000001,第1エリア,010   ,京都アバンティ支店,2026/06/05,金,平日,,曇,23.0,18.0,計,186951,250000,0.7478,0.7553,236580,0.7902,76,38,2459.9,2.24,160,0.4750,106,0.7170,0,47639,0.2548,0.4212,0,51768,0.2769,0.2926,0.5317,0.7138,2379,4715.0,,0.0000,
0001,千房直営,000001,第1エリア,010   ,京都アバンティ支店,2026/06/06,土,土曜,,曇,28.0,20.0,計,358859,380000,0.9444,0.8026,291388,1.2316,145,65,2474.9,4.26,292,0.4966,136,1.0662,0,7660,0.0213,0.3036,0,61276,0.1708,0.2567,0.1921,0.5603,2645,8140.5,,0.0000,
0001,千房直営,000001,第1エリア,010   ,京都アバンティ支店,2026/06/07,日,日祝,,雨,22.0,19.0,計,358440,370000,0.9688,0.8351,304626,1.1767,149,60,2405.6,4.38,296,0.5034,130,1.1462,0,,0.0000,0.2347,0,61305,0.1710,0.2373,0.1710,0.4719,2616,8221.1,,0.0000,
0001,千房直営,000001,第1エリア,013   ,堺東支店,2026/06/01,月,平日,,晴,27.0,20.0,計,162715,160000,1.0170,1.0170,195652,0.8317,83,51,1960.4,1.48,88,0.9432,103,0.8058,0,69168,0.4251,0.4251,0,70167,0.4312,0.4312,0.8563,0.8563,2987,3268.5,,0.0000,
0001,千房直営,000001,第1エリア,013   ,堺東支店,2026/06/02,火,平日,,雨,23.0,19.0,計,139776,160000,0.8736,0.9453,198083,0.7056,68,42,2055.5,1.21,88,0.7727,115,0.5913,0,79930,0.5718,0.4929,0,63729,0.4559,0.4426,1.0278,0.9355,2777,3020.0,,0.0000,
0001,千房直営,000001,第1エリア,013   ,堺東支店,2026/06/03,水,平日,,曇,27.0,20.0,計,185453,190000,0.9761,0.9568,229613,0.8077,83,50,2234.4,1.48,105,0.7905,124,0.6694,0,22757,0.1227,0.3522,0,64067,0.3455,0.4057,0.4682,0.7579,2827,3936.0,,0.0000,
0001,千房直営,000001,第1エリア,013   ,堺東支店,2026/06/04,木,平日,,曇,26.0,20.0,計,139123,180000,0.7729,0.9088,302183,0.4604,77,49,1806.8,1.38,100,0.7700,165,0.4667,0,,0.0000,0.2741,0,63865,0.4591,0.4175,0.4591,0.6916,2727,3061.0,,0.0000,
0001,千房直営,000001,第1エリア,013   ,堺東支店,2026/06/05,金,平日,,曇,25.0,19.0,計,245065,200000,1.2253,0.9799,230584,1.0628,116,74,2112.6,2.07,111,1.0450,130,0.8923,0,,0.0000,0.1971,0,75813,0.3094,0.3871,0.3094,0.5842,3246,4529.9,,0.0000,
0001,千房直営,000001,第1エリア,013   ,堺東支店,2026/06/06,土,土曜,,晴,27.0,20.0,計,320831,270000,1.1883,1.0284,348588,0.9204,145,75,2212.6,2.59,150,0.9667,188,0.7713,0,,0.0000,0.1441,0,101156,0.3153,0.3678,0.3153,0.5119,4164,4622.9,,0.0000,
0001,千房直営,000001,第1エリア,013   ,堺東支店,2026/06/07,日,日祝,,雨,22.0,19.0,計,292317,270000,1.0827,1.0387,394175,0.7416,134,72,2181.5,2.39,150,0.8933,199,0.6734,0,,0.0000,0.1157,0,99720,0.3411,0.3626,0.3411,0.4783,4171,4205.0,,0.0000,
0001,千房直営,000001,第1エリア,014   ,高槻阪急スクエア支店,2026/06/01,月,平日,,晴,30.0,20.0,計,144199,190000,0.7589,0.7589,132221,1.0906,80,48,1802.5,1.51,0,,72,1.1111,0,49359,0.3423,0.3423,0,55735,0.3865,0.3865,0.7288,0.7288,2436,3551.7,,0.0000,
0001,千房直営,000001,第1エリア,014   ,高槻阪急スクエア支店,2026/06/02,火,平日,,雨,23.0,19.0,計,141519,190000,0.7448,0.7519,179634,0.7878,68,41,2081.2,1.28,0,,95,0.7158,0,79712,0.5633,0.4517,0,50790,0.3589,0.3728,0.9222,0.8246,2261,3755.5,,0.0000,
0001,千房直営,000001,第1エリア,014   ,高槻阪急スクエア支店,2026/06/03,水,平日,,曇,25.0,19.0,計,96490,190000,0.5078,0.6705,206544,0.4672,52,31,1855.6,0.98,0,,112,0.4643,0,,0.0000,0.3377,0,58441,0.6057,0.4316,0.6057,0.7693,2629,2202.1,,0.0000,
0001,千房直営,000001,第1エリア,014   ,高槻阪急スクエア支店,2026/06/04,木,平日,,晴,26.0,19.0,計,186722,190000,0.9827,0.7486,177113,1.0543,113,56,1652.4,2.13,0,,98,1.1531,0,,0.0000,0.2269,0,55520,0.2973,0.3875,0.2973,0.6144,2610,4292.5,,0.0000,
0001,千房直営,000001,第1エリア,014   ,高槻阪急スクエア支店,2026/06/05,金,平日,,曇,23.0,18.0,計,160803,200000,0.8040,0.7601,187553,0.8574,101,53,1592.1,1.91,0,,105,0.9619,0,,0.0000,0.1769,0,60109,0.3738,0.3845,0.3738,0.5614,2618,3685.3,,0.0000,
0001,千房直営,000001,第1エリア,014   ,高槻阪急スクエア支店,2026/06/06,土,土曜,,晴,28.0,20.0,計,293058,350000,0.8373,0.7808,328021,0.8934,166,75,1765.4,3.13,0,,165,1.0061,0,,0.0000,0.1262,0,83327,0.2843,0.3558,0.2843,0.4820,3766,4669.0,,0.0000,
0001,千房直営,000001,第1エリア,014   ,高槻阪急スクエア支店,2026/06/07,日,日祝,,雨,22.0,19.0,計,353971,320000,1.1062,0.8446,298381,1.1863,185,81,1913.4,3.49,0,,150,1.2333,0,,0.0000,0.0938,0,85195,0.2407,0.3262,0.2407,0.4200,3849,5517.9,,0.0000,
0001,千房直営,000002,第2エリア,015   ,曽根崎支店,2026/06/01,月,平日,,晴,29.0,22.0,計,,0,,,,,,,,0,0,,,,0,,,,0,0,,,,,0,,,,
0001,千房直営,000002,第2エリア,015   ,曽根崎支店,2026/06/02,火,平日,,雨,23.0,19.0,計,74730,240000,0.3114,0.3114,196653,0.3800,18,9,4151.7,0.38,80,0.2250,58,0.3103,0,74662,0.9991,0.9991,0,37245,0.4984,0.4984,1.4975,1.4975,1574,2848.7,,0.0000,
0001,千房直営,000002,第2エリア,015   ,曽根崎支店,2026/06/03,水,平日,,曇,27.0,19.0,計,95377,240000,0.3974,0.3544,228326,0.4177,41,22,2326.3,0.85,80,0.5125,71,0.5775,0,10600,0.1111,0.5012,0,44690,0.4686,0.4817,0.5797,0.9829,1896,3018.3,,0.0000,
0001,千房直営,000002,第2エリア,015   ,曽根崎支店,2026/06/04,木,平日,,晴,27.0,20.0,計,240969,260000,0.9268,0.5555,337430,0.7141,69,26,3492.3,1.44,86,0.8023,106,0.6509,0,13012,0.0540,0.2391,0,45033,0.1869,0.3089,0.2409,0.5479,1921,7526.4,,0.0000,
0001,千房直営,000002,第2エリア,015   ,曽根崎支店,2026/06/05,金,平日,,曇,24.0,19.0,計,286471,300000,0.9549,0.6707,386701,0.7408,65,26,4407.2,1.35,100,0.6500,110,0.5909,0,86907,0.3034,0.2655,0,47046,0.1642,0.2495,0.4676,0.5149,2045,8405.0,,0.0000,
0001,千房直営,000002,第2エリア,015   ,曽根崎支店,2026/06/06,土,土曜,,晴,27.0,20.0,計,306073,500000,0.6121,0.6517,443906,0.6895,112,52,2732.8,2.33,166,0.6747,177,0.6328,0,,0.0000,0.1845,0,79195,0.2587,0.2523,0.2587,0.4368,3476,5283.2,,0.0000,
0001,千房直営,000002,第2エリア,015   ,曽根崎支店,2026/06/07,日,日祝,,雨,22.0,19.0,計,220433,450000,0.4899,0.6151,485318,0.4542,71,38,3104.7,1.48,150,0.4733,171,0.4152,0,,0.0000,0.1513,0,64419,0.2922,0.2595,0.2922,0.4108,2812,4703.4,,0.0000,
0001,千房直営,000004,第4エリア,034   ,華 恵比寿ガーデンプレイス店,2026/06/01,月,平日,,晴,31.0,20.0,計,267641,250000,1.0706,1.0706,262188,1.0208,43,17,6224.2,0.86,40,1.0750,46,0.9348,0,101431,0.3790,0.3790,0,86460,0.3230,0.3230,0.7020,0.7020,3523,4558.2,,0.0000,
0001,千房直営,000004,第4エリア,034   ,華 恵比寿ガーデンプレイス店,2026/06/02,火,平日,,雨,25.0,20.0,計,228723,250000,0.9149,0.9927,164172,1.3932,44,20,5198.3,0.88,40,1.1000,25,1.7600,0,142686,0.6238,0.4918,0,87356,0.3819,0.3502,1.0058,0.8420,3676,3733.2,,0.0000,
0001,千房直営,000004,第4エリア,034   ,華 恵比寿ガーデンプレイス店,2026/06/03,水,平日,,雨,20.0,18.0,計,215960,250000,0.8638,0.9498,130626,1.6533,34,12,6351.8,0.68,40,0.8500,25,1.3600,0,56266,0.2605,0.4217,0,93181,0.4315,0.3748,0.6920,0.7965,3964,3268.8,,0.0000,
0001,千房直営,000004,第4エリア,034   ,華 恵比寿ガーデンプレイス店,2026/06/04,木,平日,,曇,23.0,19.0,計,277667,250000,1.1107,0.9900,307283,0.9036,39,15,7119.7,0.78,40,0.9750,48,0.8125,0,24790,0.0893,0.3285,0,88838,0.3199,0.3594,0.4092,0.6879,3679,4528.4,,0.0000,
0001,千房直営,000004,第4エリア,034   ,華 恵比寿ガーデンプレイス店,2026/06/05,金,平日,,曇,20.0,17.0,計,506502,350000,1.4471,1.1085,346344,1.4624,54,22,9379.7,1.08,50,1.0800,46,1.1739,0,89868,0.1774,0.2773,0,83991,0.1658,0.2939,0.3433,0.5712,3497,8690.3,,0.0000,
0001,千房直営,000004,第4エリア,034   ,華 恵比寿ガーデンプレイス店,2026/06/06,土,土曜,,曇,23.0,16.0,計,400360,600000,0.6673,0.9727,469944,0.8519,69,26,5802.3,1.38,100,0.6900,65,1.0615,0,88983,0.2223,0.2657,0,125454,0.3134,0.2980,0.5356,0.5637,5139,4674.4,,0.0000,
0001,千房直営,000004,第4エリア,034   ,華 恵比寿ガーデンプレイス店,2026/06/07,日,日祝,,曇,21.0,17.0,計,513291,600000,0.8555,0.9452,493000,1.0412,81,29,6336.9,1.62,100,0.8100,81,1.0000,0,,0.0000,0.2091,0,134510,0.2621,0.2904,0.2621,0.4995,5689,5413.5,,0.0000,
0001,千房直営,000002,第2エリア,035   ,京橋京阪モール支店,2026/06/01,月,平日,,晴,29.0,22.0,計,129676,150000,0.8645,0.8645,88601,1.4636,69,39,1879.4,1.82,78,0.8846,47,1.4681,0,61154,0.4716,0.4716,0,53483,0.4124,0.4124,0.8840,0.8840,2399,3243.3,,0.0000,
0001,千房直営,000002,第2エリア,035   ,京橋京阪モール支店,2026/06/02,火,平日,,雨,23.0,19.0,計,114137,150000,0.7609,0.8127,124795,0.9146,56,37,2038.2,1.47,78,0.7179,76,0.7368,0,41750,0.3658,0.4221,0,39109,0.3427,0.3798,0.7084,0.8018,1712,4000.1,,0.0000,
0001,千房直営,000002,第2エリア,035   ,京橋京阪モール支店,2026/06/03,水,平日,,曇,27.0,19.0,計,114558,150000,0.7637,0.7964,114318,1.0021,62,40,1847.7,1.63,78,0.7949,63,0.9841,0,13110,0.1144,0.3237,0,50751,0.4430,0.4000,0.5575,0.7237,2229,3083.7,,0.0000,
0001,千房直営,000002,第2エリア,035   ,京橋京阪モール支店,2026/06/04,木,平日,,晴,27.0,20.0,計,138630,150000,0.9242,0.8283,105010,1.3202,76,38,1824.1,2.00,78,0.9744,56,1.3571,0,30370,0.2191,0.2945,0,51135,0.3689,0.3913,0.5879,0.6858,2313,3596.1,,0.0000,
0001,千房直営,000002,第2エリア,035   ,京橋京阪モール支店,2026/06/05,金,平日,,曇,24.0,19.0,計,141295,150000,0.9420,0.8511,179811,0.7858,71,38,1990.1,1.87,78,0.9103,93,0.7634,0,,0.0000,0.2293,0,41641,0.2947,0.3699,0.2947,0.5993,1882,4504.6,,0.0000,
0001,千房直営,000002,第2エリア,035   ,京橋京阪モール支店,2026/06/06,土,土曜,,晴,27.0,20.0,計,309277,270000,1.1455,0.9290,255433,1.2108,139,74,2225.0,3.66,142,0.9789,133,1.0451,0,,0.0000,0.1545,0,84126,0.2720,0.3380,0.2720,0.4924,3632,5109.2,,0.0000,
0001,千房直営,000002,第2エリア,035   ,京橋京阪モール支店,2026/06/07,日,日祝,,雨,22.0,19.0,計,329383,270000,1.2199,0.9899,270287,1.2186,136,65,2421.9,3.58,142,0.9577,137,0.9927,0,,0.0000,0.1146,0,82268,0.2498,0.3152,0.2498,0.4298,3590,5505.0,,0.0000,
0001,千房直営,000002,第2エリア,040   ,ハービスＰＬＡＺＡ梅田支店,2026/06/01,月,平日,,晴,29.0,22.0,計,146760,210000,0.6989,0.6989,245584,0.5976,74,38,1983.2,2.11,91,0.8132,91,0.8132,56700,111710,0.7612,0.7612,0,56630,0.3859,0.3859,1.1470,1.1470,2235,3939.9,,0.0000,
0001,千房直営,000002,第2エリア,040   ,ハービスＰＬＡＺＡ梅田支店,2026/06/02,火,平日,,雨,23.0,19.0,計,217427,210000,1.0354,0.8671,231317,0.9400,94,38,2313.1,2.69,91,1.0330,105,0.8952,56700,23899,0.1099,0.3724,0,52594,0.2419,0.2999,0.3518,0.6723,2309,5649.9,,0.0000,
0001,千房直営,000002,第2エリア,040   ,ハービスＰＬＡＺＡ梅田支店,2026/06/03,水,平日,,曇,27.0,19.0,計,131395,210000,0.6257,0.7866,237107,0.5542,58,31,2265.4,1.66,91,0.6374,104,0.5577,56700,2010,0.0153,0.2777,0,57356,0.4365,0.3361,0.4518,0.6138,2261,3486.8,,0.0000,
0001,千房直営,000002,第2エリア,040   ,ハービスＰＬＡＺＡ梅田支店,2026/06/04,木,平日,,晴,27.0,20.0,計,241348,210000,1.1493,0.8773,284536,0.8482,94,39,2567.5,2.69,91,1.0330,117,0.8034,56700,57111,0.2366,0.2642,0,57037,0.2363,0.3034,0.4730,0.5677,2295,6309.8,,0.0000,
0001,千房直営,000002,第2エリア,040   ,ハービスＰＬＡＺＡ梅田支店,2026/06/05,金,平日,,曇,24.0,19.0,計,209418,210000,0.9972,0.9013,199646,1.0489,103,48,2033.2,2.94,91,1.1319,94,1.0957,56700,28062,0.1340,0.2354,0,59903,0.2860,0.2996,0.4200,0.5350,2463,5101.5,,0.0000,
0001,千房直営,000002,第2エリア,040   ,ハービスＰＬＡＺＡ梅田支店,2026/06/06,土,土曜,,晴,27.0,20.0,計,228919,360000,0.6359,0.8335,335288,0.6828,110,51,2081.1,3.14,156,0.7051,148,0.7432,90000,,0.0000,0.1896,0,75286,0.3289,0.3053,0.3289,0.4949,3073,4469.6,,0.0000,
0001,千房直営,000002,第2エリア,040   ,ハービスＰＬＡＺＡ梅田支店,2026/06/07,日,日祝,,雨,22.0,19.0,計,278918,360000,0.7748,0.8216,342142,0.8152,131,56,2129.1,3.74,156,0.8397,156,0.8397,77040,,0.0000,0.1532,0,82758,0.2967,0.3037,0.2967,0.4569,3424,4887.6,,0.0000,
0001,千房直営,000003,第3エリア,052   ,有楽町ビックカメラ支店,2026/06/01,月,平日,,晴,31.0,19.0,計,185611,250000,0.7424,0.7424,208478,0.8903,64,32,2900.2,1.14,81,0.7901,86,0.7442,0,31159,0.1679,0.1679,0,87461,0.4712,0.4712,0.6391,0.6391,3408,3267.8,,0.0000,
0001,千房直営,000003,第3エリア,052   ,有楽町ビックカメラ支店,2026/06/02,火,平日,,曇,25.0,20.0,計,261390,250000,1.0456,0.8940,199886,1.3077,100,43,2613.9,1.79,81,1.2346,74,1.3514,0,106581,0.4077,0.3081,0,75597,0.2892,0.3648,0.6970,0.6729,3307,4742.5,,0.0000,
0001,千房直営,000003,第3エリア,052   ,有楽町ビックカメラ支店,2026/06/03,水,平日,,雨,20.0,18.0,計,155184,260000,0.5969,0.7923,200116,0.7755,63,28,2463.2,1.13,84,0.7500,94,0.6702,0,36000,0.2320,0.2885,0,63819,0.4112,0.3768,0.6432,0.6653,2722,3420.7,,0.0000,
0001,千房直営,000003,第3エリア,052   ,有楽町ビックカメラ支店,2026/06/04,木,平日,,曇,23.0,19.0,計,189156,260000,0.7275,0.7758,445512,0.4246,88,49,2149.5,1.57,84,1.0476,93,0.9462,0,38416,0.2031,0.2681,0,79364,0.4196,0.3870,0.6227,0.6551,3108,3651.7,,0.0000,
0001,千房直営,000003,第3エリア,052   ,有楽町ビックカメラ支店,2026/06/05,金,平日,,曇,20.0,17.0,計,346287,300000,1.1543,0.8618,442401,0.7827,97,49,3570.0,1.73,97,1.0000,146,0.6644,0,92674,0.2676,0.2680,0,84618,0.2444,0.3436,0.5120,0.6115,3371,6163.5,,0.0000,
0001,千房直営,000003,第3エリア,052   ,有楽町ビックカメラ支店,2026/06/06,土,土曜,,曇,24.0,16.0,計,371615,500000,0.7432,0.8293,370904,1.0019,142,65,2617.0,2.54,200,0.7100,166,0.8554,0,4664,0.0126,0.2051,0,100598,0.2707,0.3256,0.2833,0.5307,4022,5543.7,,0.0000,
0001,千房直営,000003,第3エリア,052   ,有楽町ビックカメラ支店,2026/06/07,日,日祝,,曇,21.0,16.0,計,374428,500000,0.7489,0.8119,405570,0.9232,155,73,2415.7,2.77,209,0.7416,163,0.9509,0,,0.0000,0.1643,0,114450,0.3057,0.3217,0.3057,0.4860,4469,5027.0,,0.0000,
0001,千房直営,000003,第3エリア,053   ,そごう横浜店,2026/06/01,月,平日,,晴,29.0,20.0,計,243866,220000,1.1085,1.1085,195462,1.2476,116,61,2102.3,2.32,92,1.2609,77,1.5065,8360,101057,0.4144,0.4144,0,85159,0.3492,0.3492,0.7636,0.7636,3653,4005.5,,0.0000,
0001,千房直営,000003,第3エリア,053   ,そごう横浜店,2026/06/02,火,平日,,雨,25.0,20.0,計,182923,220000,0.8315,0.9700,202505,0.9033,89,45,2055.3,1.78,92,0.9674,77,1.1558,8360,63715,0.3483,0.3861,0,65774,0.3596,0.3536,0.7079,0.7397,2817,3896.1,,0.0000,
0001,千房直営,000003,第3エリア,053   ,そごう横浜店,2026/06/03,水,平日,,雨,21.0,18.0,計,160885,220000,0.7313,0.8904,165276,0.9734,55,25,2925.2,1.10,92,0.5978,66,0.8333,8360,51695,0.3213,0.3683,0,68754,0.4273,0.3738,0.7487,0.7422,2984,3235.0,,0.0000,
0001,千房直営,000003,第3エリア,053   ,そごう横浜店,2026/06/04,木,平日,,曇,23.0,19.0,計,208443,220000,0.9475,0.9047,235818,0.8839,90,43,2316.0,1.80,92,0.9783,89,1.0112,8360,15064,0.0723,0.2908,0,73157,0.3510,0.3678,0.4232,0.6587,3108,4024.0,,0.0000,
0001,千房直営,000003,第3エリア,053   ,そごう横浜店,2026/06/05,金,平日,,曇,21.0,17.0,計,276522,260000,1.0635,0.9409,258814,1.0684,121,64,2285.3,2.42,109,1.1101,91,1.3297,8360,67430,0.2439,0.2787,0,79200,0.2864,0.3468,0.5303,0.6256,3395,4887.0,,0.0000,
0001,千房直営,000003,第3エリア,053   ,そごう横浜店,2026/06/06,土,土曜,,晴,23.0,17.0,計,499739,500000,0.9995,0.9588,549181,0.9100,201,88,2486.3,4.02,204,0.9853,217,0.9263,21500,,0.0000,0.1901,0,118941,0.2380,0.3123,0.2380,0.5024,5041,5948.1,,0.0000,
0001,千房直営,000003,第3エリア,053   ,そごう横浜店,2026/06/07,日,日祝,,雨,20.0,17.0,計,454910,500000,0.9098,0.9473,442873,1.0272,213,90,2135.7,4.26,219,0.9726,201,1.0597,20000,,0.0000,0.1475,0,121589,0.2673,0.3022,0.2673,0.4496,5068,5385.7,,0.0000,
0001,千房直営,000003,第3エリア,057   ,ルミネ立川支店,2026/06/01,月,平日,,晴,32.0,18.0,計,165215,150000,1.1014,1.1014,102123,1.6178,79,46,2091.3,1.80,75,1.0533,54,1.4630,0,78505,0.4752,0.4752,0,62906,0.3808,0.3808,0.8559,0.8559,2726,3636.4,,0.0000,
0001,千房直営,000003,第3エリア,057   ,ルミネ立川支店,2026/06/02,火,平日,,雨,25.0,19.0,計,97757,150000,0.6517,0.8766,96936,1.0085,45,31,2172.4,1.02,75,0.6000,46,0.9783,0,46348,0.4741,0.4748,0,57028,0.5834,0.4561,1.0575,0.9308,2483,2362.2,,0.0000,
0001,千房直営,000003,第3エリア,057   ,ルミネ立川支店,2026/06/03,水,平日,,曇,20.0,17.0,計,139444,150000,0.9296,0.8943,111552,1.2500,61,33,2286.0,1.39,75,0.8133,65,0.9385,0,20250,0.1452,0.3606,0,64487,0.4625,0.4583,0.6077,0.8189,2810,2977.5,,0.0000,
0001,千房直営,000003,第3エリア,057   ,ルミネ立川支店,2026/06/04,木,平日,,曇,23.0,18.0,計,109220,150000,0.7281,0.8527,138223,0.7902,59,36,1851.2,1.34,75,0.7867,70,0.8429,0,18184,0.1665,0.3191,0,66047,0.6047,0.4895,0.7712,0.8087,2856,2294.5,,0.0000,
0001,千房直営,000003,第3エリア,057   ,ルミネ立川支店,2026/06/05,金,平日,,曇,21.0,17.0,計,118224,150000,0.7882,0.8398,136710,0.8648,59,37,2003.8,1.34,75,0.7867,65,0.9077,0,90416,0.7648,0.4028,0,56382,0.4769,0.4872,1.2417,0.8900,2422,2928.8,,0.0000,
0001,千房直営,000003,第3エリア,057   ,ルミネ立川支店,2026/06/06,土,土曜,,晴,24.0,16.0,計,229277,340000,0.6743,0.7882,275132,0.8333,115,60,1993.7,2.61,170,0.6765,139,0.8273,0,36900,0.1609,0.3383,0,96797,0.4222,0.4698,0.5831,0.8081,4242,3243.0,,0.0000,
0001,千房直営,000003,第3エリア,057   ,ルミネ立川支店,2026/06/07,日,日祝,,曇,20.0,16.0,計,241551,340000,0.7104,0.7697,241215,1.0014,114,59,2118.9,2.59,170,0.6706,120,0.9500,0,,0.0000,0.2640,0,92752,0.3840,0.4510,0.3840,0.7150,4069,3561.8,,0.0000,
0001,千房直営,000002,第2エリア,059   ,あべのキューズモール支店,2026/06/01,月,平日,,晴,28.0,21.0,計,125283,200000,0.6264,0.6264,140814,0.8897,66,31,1898.2,1.32,111,0.5946,81,0.8148,0,85455,0.6821,0.6821,0,52077,0.4157,0.4157,1.0978,1.0978,2292,3279.7,,0.0000,
0001,千房直営,000002,第2エリア,059   ,あべのキューズモール支店,2026/06/02,火,平日,,雨,23.0,19.0,計,169845,200000,0.8492,0.7378,232200,0.7315,89,40,1908.4,1.78,111,0.8018,107,0.8318,0,107315,0.6318,0.6532,0,51755,0.3047,0.3518,0.9366,1.0050,2325,4383.1,,0.0000,
0001,千房直営,000002,第2エリア,059   ,あべのキューズモール支店,2026/06/03,水,平日,,曇,27.0,19.0,計,160693,210000,0.7652,0.7472,170081,0.9448,81,43,1983.9,1.62,116,0.6983,89,0.9101,0,85679,0.5332,0.6109,0,54744,0.3407,0.3479,0.8739,0.9588,2470,3903.5,,0.0000,
0001,千房直営,000002,第2エリア,059   ,あべのキューズモール支店,2026/06/04,木,平日,,曇,27.0,20.0,計,116675,210000,0.5556,0.6982,167986,0.6946,67,33,1741.4,1.34,116,0.5776,91,0.7363,0,12558,0.1076,0.5083,0,53191,0.4559,0.3699,0.5635,0.8782,2452,2855.0,,0.0000,
0001,千房直営,000002,第2エリア,059   ,あべのキューズモール支店,2026/06/05,金,平日,,曇,24.0,19.0,計,193611,210000,0.9220,0.7438,265129,0.7303,116,57,1669.1,2.32,116,1.0000,141,0.8227,0,,0.0000,0.3799,0,58405,0.3017,0.3527,0.3017,0.7325,2621,4432.1,,0.0000,
0001,千房直営,000002,第2エリア,059   ,あべのキューズモール支店,2026/06/06,土,土曜,,晴,27.0,20.0,計,332489,450000,0.7389,0.7423,342061,0.9720,201,83,1654.2,4.02,264,0.7614,179,1.1229,0,,0.0000,0.2649,0,101124,0.3041,0.3380,0.3041,0.6029,4465,4467.9,,0.0000,
0001,千房直営,000002,第2エリア,059   ,あべのキューズモール支店,2026/06/07,日,日祝,,雨,22.0,19.0,計,378094,420000,0.9002,0.7772,497988,0.7592,225,90,1680.4,4.50,247,0.9109,265,0.8491,0,,0.0000,0.1971,0,101517,0.2685,0.3202,0.2685,0.5173,4441,5108.2,,0.0000,
0001,千房直営,000003,第3エリア,064   ,ヨドバシHD池袋ビル支店,2026/06/01,月,平日,,晴,31.0,19.0,計,113743,250000,0.4550,0.4550,129526,0.8781,57,32,1995.5,1.63,150,0.3800,66,0.8636,39250,11855,0.1042,0.1042,0,49962,0.4393,0.4393,0.5435,0.5435,2248,3035.8,,0.0000,
0001,千房直営,000003,第3エリア,064   ,ヨドバシHD池袋ビル支店,2026/06/02,火,平日,,曇,25.0,20.0,計,92018,250000,0.3681,0.4115,98008,0.9389,39,19,2359.4,1.11,150,0.2600,48,0.8125,39250,73983,0.8040,0.4172,0,52467,0.5702,0.4978,1.3742,0.9150,2281,2420.5,,0.0000,
0001,千房直営,000003,第3エリア,064   ,ヨドバシHD池袋ビル支店,2026/06/03,水,平日,,雨,20.0,18.0,計,79464,280000,0.2838,0.3657,139115,0.5712,39,24,2037.5,1.11,168,0.2321,67,0.5821,39250,18230,0.2294,0.3649,0,43785,0.5510,0.5126,0.7804,0.8775,1922,2480.7,,0.0000,
0001,千房直営,000003,第3エリア,064   ,ヨドバシHD池袋ビル支店,2026/06/04,木,平日,,曇,23.0,19.0,計,108249,250000,0.4330,0.3820,136381,0.7937,56,31,1933.0,1.60,150,0.3733,66,0.8485,39250,,0.0000,0.2645,0,50690,0.4683,0.5004,0.4683,0.7649,2176,2984.8,,0.0000,
0001,千房直営,000003,第3エリア,064   ,ヨドバシHD池袋ビル支店,2026/06/05,金,平日,,曇,20.0,17.0,計,145332,300000,0.4844,0.4051,138528,1.0491,69,42,2106.3,1.97,180,0.3833,69,1.0000,39250,,0.0000,0.1931,0,54895,0.3777,0.4673,0.3777,0.6605,2318,3761.8,,0.0000,
0001,千房直営,000003,第3エリア,064   ,ヨドバシHD池袋ビル支店,2026/06/06,土,土曜,,曇,24.0,16.0,計,300730,400000,0.7518,0.4853,309814,0.9707,120,58,2506.1,3.43,267,0.4494,149,0.8054,90000,,0.0000,0.1240,0,79015,0.2627,0.3940,0.2627,0.5180,3505,5148.0,,0.0000,
0001,千房直営,000003,第3エリア,064   ,ヨドバシHD池袋ビル支店,2026/06/07,日,日祝,,曇,21.0,16.0,計,275182,380000,0.7242,0.5283,178797,1.5391,135,65,2038.4,3.86,258,0.5233,93,1.4516,84360,,0.0000,0.0934,0,75690,0.2751,0.3647,0.2751,0.4580,3316,4979.2,,0.0000,
0001,千房直営,000002,第2エリア,065   ,名代JO-TERRACE OSAKA店,2026/06/01,月,平日,,晴,29.0,22.0,計,97461,120000,0.8122,0.8122,,,68,24,1433.3,1.17,61,1.1148,,,0,,0.0000,0.0000,0,32139,0.3298,0.3298,0.3298,0.3298,1371,4265.3,,0.0000,イベントなし
0001,千房直営,000002,第2エリア,065   ,名代JO-TERRACE OSAKA店,2026/06/02,火,平日,,雨,23.0,19.0,計,139434,200000,0.6972,0.7403,93147,1.4969,79,36,1765.0,1.36,102,0.7745,46,1.7174,0,2038,0.0146,0.0086,0,42441,0.3044,0.3148,0.3190,0.3234,1796,4658.2,,0.0000,EXO
0001,千房直営,000002,第2エリア,065   ,名代JO-TERRACE OSAKA店,2026/06/03,水,平日,,曇,27.0,19.0,計,136383,200000,0.6819,0.7178,207294,0.6579,76,37,1794.5,1.31,102,0.7451,116,0.6552,0,16728,0.1227,0.0503,0,42577,0.3122,0.3139,0.4348,0.3641,1792,4566.4,,0.0000,EXO
0001,千房直営,000002,第2エリア,065   ,名代JO-TERRACE OSAKA店,2026/06/04,木,平日,,晴,27.0,21.0,計,69290,120000,0.5774,0.6915,121879,0.5685,42,19,1649.8,0.72,61,0.6885,69,0.6087,0,,0.0000,0.0424,0,33377,0.4817,0.3401,0.4817,0.3825,1414,2940.2,,0.0000,イベントなし
0001,千房直営,000002,第2エリア,065   ,名代JO-TERRACE OSAKA店,2026/06/05,金,平日,,曇,24.0,20.0,計,98366,120000,0.8197,0.7118,167473,0.5874,55,21,1788.5,0.95,61,0.9016,89,0.6180,0,38390,0.3903,0.1057,0,34592,0.3517,0.3422,0.7419,0.4479,1506,3919.0,,0.0000,イベントなし
0001,千房直営,000002,第2エリア,065   ,名代JO-TERRACE OSAKA店,2026/06/06,土,土曜,,晴,27.0,20.0,計,315150,400000,0.7879,0.7380,278105,1.1332,162,76,1945.4,2.79,205,0.7902,139,1.1655,0,28047,0.0890,0.0995,0,82127,0.2606,0.3122,0.3496,0.4117,3574,5290.7,,0.0000,ラブライブ！
0001,千房直営,000002,第2エリア,065   ,名代JO-TERRACE OSAKA店,2026/06/07,日,日祝,,雨,23.0,19.0,計,338520,400000,0.8463,0.7658,282031,1.2003,184,83,1839.8,3.17,205,0.8976,148,1.2432,0,,0.0000,0.0713,0,90473,0.2673,0.2995,0.2673,0.3708,3958,5131.7,,0.0000,ラブライブ！
0001,千房直営,000003,第3エリア,066   ,セレオ八王子支店,2026/06/01,月,平日,,晴,32.0,17.0,計,91545,120000,0.7629,0.7629,70692,1.2950,55,33,1664.5,1.45,66,0.8333,41,1.3415,0,85184,0.9305,0.9305,0,59092,0.6455,0.6455,1.5760,1.5760,2675,2053.3,,0.0000,
0001,千房直営,000003,第3エリア,066   ,セレオ八王子支店,2026/06/02,火,平日,,雨,25.0,19.0,計,82147,120000,0.6846,0.7237,89376,0.9191,41,27,2003.6,1.08,66,0.6212,46,0.8913,0,65611,0.7987,0.8682,0,47521,0.5785,0.6138,1.3772,1.4820,2139,2304.3,,0.0000,
0001,千房直営,000003,第3エリア,066   ,セレオ八王子支店,2026/06/03,水,平日,,曇,20.0,17.0,計,93806,130000,0.7216,0.7230,110492,0.8490,52,32,1804.0,1.37,71,0.7324,59,0.8814,0,44010,0.4692,0.7282,0,47848,0.5101,0.5774,0.9792,1.3057,2105,2673.8,,0.0000,
0001,千房直営,000003,第3エリア,066   ,セレオ八王子支店,2026/06/04,木,平日,,曇,22.0,18.0,計,99712,130000,0.7670,0.7344,86113,1.1579,59,42,1690.0,1.55,71,0.8310,48,1.2292,0,,0.0000,0.5305,0,57936,0.5810,0.5784,0.5810,1.1089,2660,2249.1,,0.0000,
0001,千房直営,000003,第3エリア,066   ,セレオ八王子支店,2026/06/05,金,平日,,曇,21.0,17.0,計,175249,150000,1.1683,0.8346,111513,1.5716,88,53,1991.5,2.32,82,1.0732,64,1.3750,0,,0.0000,0.3591,0,59845,0.3415,0.5019,0.3415,0.8610,2685,3916.2,,0.0000,
0001,千房直営,000003,第3エリア,066   ,セレオ八王子支店,2026/06/06,土,土曜,,晴,25.0,16.0,計,217854,240000,0.9077,0.8543,186632,1.1673,108,54,2017.2,2.84,124,0.8710,102,1.0588,0,,0.0000,0.2562,0,72338,0.3320,0.4532,0.3320,0.7094,3236,4039.3,,0.0000,
0001,千房直営,000003,第3エリア,066   ,セレオ八王子支店,2026/06/07,日,日祝,,曇,19.0,17.0,計,247872,240000,1.0328,0.8922,207470,1.1947,123,58,2015.2,3.24,132,0.9318,115,1.0696,0,,0.0000,0.1932,0,77799,0.3139,0.4190,0.3139,0.6122,3559,4178.8,,0.0000,
0001,千房直営,000002,第2エリア,067   ,ららぽーと名古屋みなとアクルス店,2026/06/01,月,平日,,晴,32.0,20.0,計,132227,160000,0.8264,0.8264,80998,1.6325,76,39,1739.8,1.36,95,0.8000,57,1.3333,0,54997,0.4159,0.4159,0,52202,0.3948,0.3948,0.8107,0.8107,2191,3621.0,,0.0000,
0001,千房直営,000002,第2エリア,067   ,ららぽーと名古屋みなとアクルス店,2026/06/02,火,平日,,雨,23.0,20.0,計,105509,160000,0.6594,0.7429,162136,0.6507,62,30,1701.8,1.11,95,0.6526,104,0.5962,0,63680,0.6036,0.4992,0,46241,0.4383,0.4141,1.0418,0.9133,2087,3033.3,,0.0000,
0001,千房直営,000002,第2エリア,067   ,ららぽーと名古屋みなとアクルス店,2026/06/03,水,平日,,曇,25.0,19.0,計,123942,160000,0.7746,0.7535,102652,1.2074,77,37,1609.6,1.38,95,0.8105,70,1.1000,0,43872,0.3540,0.4494,0,57332,0.4626,0.4307,0.8165,0.8801,2409,3087.0,,0.0000,
0001,千房直営,000002,第2エリア,067   ,ららぽーと名古屋みなとアクルス店,2026/06/04,木,平日,,晴,26.0,20.0,計,107976,160000,0.6749,0.7338,112576,0.9591,69,36,1564.9,1.23,95,0.7263,73,0.9452,0,27240,0.2523,0.4041,0,47241,0.4375,0.4323,0.6898,0.8364,2165,2992.4,,0.0000,
0001,千房直営,000002,第2エリア,067   ,ららぽーと名古屋みなとアクルス店,2026/06/05,金,平日,,曇,23.0,18.0,計,112629,180000,0.6257,0.7101,120517,0.9345,62,34,1816.6,1.11,107,0.5794,78,0.7949,0,684,0.0061,0.3271,0,49707,0.4413,0.4340,0.4474,0.7611,2321,2911.6,,0.0000,
0001,千房直営,000002,第2エリア,067   ,ららぽーと名古屋みなとアクルス店,2026/06/06,土,土曜,,曇,28.0,20.0,計,395312,450000,0.8785,0.7698,385436,1.0256,223,99,1772.7,3.98,267,0.8352,235,0.9489,0,,0.0000,0.1948,0,112920,0.2856,0.3740,0.2856,0.5689,4849,4891.5,,0.0000,
0001,千房直営,000002,第2エリア,067   ,ららぽーと名古屋みなとアクルス店,2026/06/07,日,日祝,,雨,22.0,19.0,計,483688,450000,1.0749,0.8496,425185,1.1376,259,98,1867.5,4.63,267,0.9700,256,1.0117,0,,0.0000,0.1303,0,101583,0.2100,0.3197,0.2100,0.4501,4413,6576.3,,0.0000,
0001,千房直営,000003,第3エリア,068   ,舞 イクスピアリ店,2026/06/01,月,平日,,晴,30.0,19.0,計,275754,260000,1.0606,1.0606,258824,1.0654,125,48,2206.0,2.40,130,0.9615,126,0.9921,0,77746,0.2819,0.2819,0,90482,0.3281,0.3281,0.6101,0.6101,3607,4587.0,,0.0000,
0001,千房直営,000003,第3エリア,068   ,舞 イクスピアリ店,2026/06/02,火,平日,,曇,24.0,20.0,計,216117,260000,0.8312,0.9459,309891,0.6974,104,44,2078.0,2.00,130,0.8000,145,0.7172,0,103023,0.4767,0.3675,0,86340,0.3995,0.3595,0.8762,0.7270,3504,3700.6,,0.0000,
0001,千房直営,000003,第3エリア,068   ,舞 イクスピアリ店,2026/06/03,水,平日,,雨,20.0,18.0,計,387386,260000,1.4899,1.1273,157995,2.4519,193,62,2007.2,3.71,130,1.4846,81,2.3827,0,32565,0.0841,0.2426,0,88026,0.2272,0.3012,0.3113,0.5438,3387,6862.5,,0.0000,
0001,千房直営,000003,第3エリア,068   ,舞 イクスピアリ店,2026/06/04,木,平日,,曇,23.0,19.0,計,279954,260000,1.0767,1.1146,270545,1.0348,126,51,2221.9,2.42,130,0.9692,130,0.9692,0,60453,0.2159,0.2362,0,101671,0.3632,0.3162,0.5791,0.5524,4051,4146.4,,0.0000,
0001,千房直営,000003,第3エリア,068   ,舞 イクスピアリ店,2026/06/05,金,平日,,曇,20.0,16.0,計,341245,260000,1.3125,1.1542,351427,0.9710,179,65,1906.4,3.44,130,1.3769,166,1.0783,0,,0.0000,0.1825,0,95908,0.2811,0.3082,0.2811,0.4907,3883,5272.9,,0.0000,
0001,千房直営,000003,第3エリア,068   ,舞 イクスピアリ店,2026/06/06,土,土曜,,曇,23.0,15.0,計,421054,500000,0.8421,1.0675,473678,0.8889,206,77,2044.0,3.96,250,0.8240,221,0.9321,0,,0.0000,0.1425,0,113792,0.2703,0.2999,0.2703,0.4424,4564,5535.3,,0.0000,
0001,千房直営,000003,第3エリア,068   ,舞 イクスピアリ店,2026/06/07,日,日祝,,曇,21.0,16.0,計,467422,480000,0.9738,1.0478,409974,1.1401,228,83,2050.1,4.38,240,0.9500,189,1.2063,0,,0.0000,0.1146,0,122141,0.2613,0.2923,0.2613,0.4069,4872,5756.4,,0.0000,
0001,千房直営,000003,第3エリア,069   ,有明ガーデン支店,2026/06/01,月,平日,,晴,30.0,20.0,計,143979,230000,0.6260,0.6260,161952,0.8890,65,32,2215.1,1.33,107,0.6075,75,0.8667,39600,104619,0.7266,0.7266,0,71122,0.4940,0.4940,1.2206,1.2206,2921,2957.5,,0.0000,
0001,千房直営,000003,第3エリア,069   ,有明ガーデン支店,2026/06/02,火,平日,,曇,25.0,20.0,計,248462,230000,1.0803,0.8531,244778,1.0151,107,57,2322.1,2.18,107,1.0000,90,1.1889,39600,105048,0.4228,0.5343,0,71931,0.2895,0.3645,0.7123,0.8988,2839,5251.0,,0.0000,
0001,千房直営,000003,第3エリア,069   ,有明ガーデン支店,2026/06/03,水,平日,,雨,20.0,18.0,計,234628,230000,1.0201,0.9088,175952,1.3335,116,51,2022.7,2.37,107,1.0841,74,1.5676,39600,28205,0.1202,0.3793,0,61296,0.2612,0.3259,0.3815,0.7052,2317,6075.8,,0.0000,
0001,千房直営,000003,第3エリア,069   ,有明ガーデン支店,2026/06/04,木,平日,,曇,23.0,19.0,計,329071,230000,1.4307,1.0393,174660,1.8841,147,33,2238.6,3.00,107,1.3738,83,1.7711,39600,108512,0.3298,0.3623,0,67981,0.2066,0.2848,0.5363,0.6471,2588,7629.2,,0.0000,
0001,千房直営,000003,第3エリア,069   ,有明ガーデン支店,2026/06/05,金,平日,,曇,20.0,16.0,計,278328,280000,0.9940,1.0287,160526,1.7339,117,63,2378.9,2.39,131,0.8931,72,1.6250,39600,133124,0.4783,0.3884,0,71726,0.2577,0.2787,0.7360,0.6671,2805,5953.5,,0.0000,
0001,千房直営,000003,第3エリア,069   ,有明ガーデン支店,2026/06/06,土,土曜,,曇,23.0,16.0,計,544561,600000,0.9076,0.9883,398200,1.3676,231,108,2357.4,4.71,289,0.7993,176,1.3125,97350,12180,0.0224,0.2764,0,109907,0.2018,0.2552,0.2242,0.5316,4385,7451.2,,0.0000,
0001,千房直営,000003,第3エリア,069   ,有明ガーデン支店,2026/06/07,日,日祝,,曇,21.0,16.0,計,647376,550000,1.1770,1.0325,530025,1.2214,284,130,2279.5,5.80,272,1.0441,251,1.1315,102300,,0.0000,0.2026,0,99535,0.1538,0.2281,0.1538,0.4308,3964,9798.8,,0.0000,
0001,千房直営,000002,第2エリア,071   ,イオンモール各務原インター支店,2026/06/01,月,平日,,晴,30.0,19.0,計,74761,80000,0.9345,0.9345,69694,1.0727,46,24,1625.2,0.98,59,0.7797,50,0.9200,0,10764,0.1440,0.1440,0,31680,0.4238,0.4238,0.5677,0.5677,1570,2857.1,,0.0000,
0001,千房直営,000002,第2エリア,071   ,イオンモール各務原インター支店,2026/06/02,火,平日,,雨,22.0,18.0,計,83491,70000,1.1927,1.0550,67351,1.2396,55,31,1518.0,1.17,51,1.0784,48,1.1458,0,66245,0.7934,0.4866,0,30794,0.3688,0.3948,1.1623,0.8814,1334,3755.2,,0.0000,
0001,千房直営,000002,第2エリア,071   ,イオンモール各務原インター支店,2026/06/03,水,平日,,曇,29.0,18.0,計,65950,80000,0.8244,0.9748,52083,1.2662,44,26,1498.9,0.94,59,0.7458,35,1.2571,0,34250,0.5193,0.4962,0,27825,0.4219,0.4028,0.9412,0.8990,1334,2966.3,,0.0000,
0001,千房直営,000002,第2エリア,071   ,イオンモール各務原インター支店,2026/06/04,木,平日,,曇,24.0,20.0,計,62789,70000,0.8970,0.9566,69508,0.9033,47,25,1335.9,1.00,51,0.9216,49,0.9592,0,45747,0.7286,0.5471,0,27506,0.4381,0.4105,1.1667,0.9576,1235,3050.5,,0.0000,
0001,千房直営,000002,第2エリア,071   ,イオンモール各務原インター支店,2026/06/05,金,平日,,曇,23.0,19.0,計,104075,80000,1.3009,1.0291,75812,1.3728,62,38,1678.6,1.32,59,1.0508,51,1.2157,0,47004,0.4516,0.5217,0,32269,0.3101,0.3838,0.7617,0.9054,1510,4135.4,,0.0000,
0001,千房直営,000002,第2エリア,071   ,イオンモール各務原インター支店,2026/06/06,土,土曜,,晴,25.0,18.0,計,151868,200000,0.7593,0.9361,224465,0.6766,95,48,1598.6,2.02,133,0.7143,140,0.6786,0,10819,0.0712,0.3957,0,51609,0.3398,0.3715,0.4111,0.7672,2352,3874.2,,0.0000,
0001,千房直営,000002,第2エリア,071   ,イオンモール各務原インター支店,2026/06/07,日,日祝,,雨,21.0,19.0,計,226116,200000,1.1306,0.9860,178906,1.2639,133,58,1700.1,2.83,133,1.0000,119,1.1176,0,19660,0.0869,0.3049,0,52816,0.2336,0.3309,0.3205,0.6358,2474,5483.8,,0.0000,
0001,千房直営,600000,本社,1000  ,本社,2026/06/01,月,平日,,晴,28.0,22.0,計,,,,,,,,,,,,,,,,,,,,0,,,,,0,,,,
0001,千房直営,600000,本社,1000  ,本社,2026/06/02,火,平日,,雨,23.0,19.0,計,,,,,,,,,,,,,,,,,,,,0,,,,,0,,,,
0001,千房直営,600000,本社,1000  ,本社,2026/06/03,水,平日,,曇,27.0,19.0,計,,,,,,,,,,,,,,,,,,,,0,,,,,0,,,,
0001,千房直営,600000,本社,1000  ,本社,2026/06/04,木,平日,,曇,27.0,21.0,計,,,,,,,,,,,,,,,,,,,,0,,,,,0,,,,
0001,千房直営,600000,本社,1000  ,本社,2026/06/05,金,平日,,曇,24.0,19.0,計,,,,,,,,,,,,,,,,,,,,0,,,,,0,,,,
0001,千房直営,600000,本社,1000  ,本社,2026/06/06,土,土曜,,晴,27.0,20.0,計,,,,,,,,,,,,,,,,,,,,0,,,,,0,,,,
0001,千房直営,600000,本社,1000  ,本社,2026/06/07,日,日祝,,雨,23.0,19.0,計,,,,,,,,,,,,,,,,,,,,0,,,,,0,,,,
0001,千房直営,000004,第4エリア,101   ,ぷれじでんと南本店,2026/06/01,月,平日,,晴,29.0,22.0,計,110100,260000,0.4235,0.4235,119610,0.9205,15,5,7340.0,0.52,23,0.6522,13,1.1538,0,13250,0.1203,0.1203,0,59785,0.5430,0.5430,0.6634,0.6634,2541,2599.8,,0.0000,
0001,千房直営,000004,第4エリア,101   ,ぷれじでんと南本店,2026/06/02,火,平日,,雨,23.0,19.0,計,27990,260000,0.1077,0.2656,441190,0.0634,11,3,2544.5,0.38,23,0.4783,36,0.3056,0,34928,1.2479,0.3489,0,40084,1.4321,0.7232,2.6800,1.0721,1709,982.7,,0.0000,
0001,千房直営,000004,第4エリア,101   ,ぷれじでんと南本店,2026/06/03,水,平日,,曇,27.0,19.0,計,153692,260000,0.5911,0.3741,323170,0.4756,16,6,9605.8,0.55,23,0.6957,26,0.6154,0,25575,0.1664,0.2528,0,53185,0.3460,0.5245,0.5125,0.7773,2249,4100.3,,0.0000,
0001,千房直営,000004,第4エリア,101   ,ぷれじでんと南本店,2026/06/04,木,平日,,晴,27.0,21.0,計,290270,260000,1.1164,0.5597,236210,1.2289,38,8,7638.7,1.31,23,1.6522,15,2.5333,0,97920,0.3373,0.2949,0,62879,0.2166,0.3710,0.5540,0.6659,2545,6843.3,,0.0000,
0001,千房直営,000004,第4エリア,101   ,ぷれじでんと南本店,2026/06/05,金,平日,,曇,24.0,20.0,計,179400,350000,0.5126,0.5478,290920,0.6167,19,6,9442.1,0.66,31,0.6129,24,0.7917,0,37438,0.2087,0.2746,0,57170,0.3187,0.3587,0.5274,0.6333,2408,4470.1,,0.0000,
0001,千房直営,000004,第4エリア,101   ,ぷれじでんと南本店,2026/06/06,土,土曜,,晴,27.0,20.0,計,243023,350000,0.6944,0.5773,290750,0.8358,27,12,9000.9,0.93,31,0.8710,27,1.0000,0,43669,0.1797,0.2517,0,76149,0.3133,0.3477,0.4930,0.5994,3113,4684.0,,0.0000,
0001,千房直営,000004,第4エリア,101   ,ぷれじでんと南本店,2026/06/07,日,日祝,,雨,23.0,19.0,計,,0,,0.5773,,,,,,0,0,,,,0,,,0.2517,0,0,,0.3477,,0.5994,0,,,,
0001,千房直営,000004,第4エリア,102   ,ぷれじでんと北店,2026/06/01,月,平日,,晴,29.0,22.0,計,263534,400000,0.6588,0.6588,424943,0.6202,21,7,12549.2,0.68,34,0.6176,31,0.6774,0,54827,0.2080,0.2080,0,103567,0.3930,0.3930,0.6010,0.6010,4233,3735.4,,0.0000,
0001,千房直営,000004,第4エリア,102   ,ぷれじでんと北店,2026/06/02,火,平日,,雨,23.0,19.0,計,134840,350000,0.3853,0.5312,379656,0.3552,10,4,13484.0,0.32,30,0.3333,35,0.2857,0,58647,0.4349,0.2848,0,62057,0.4602,0.4158,0.8952,0.7006,2601,3110.5,,0.0000,
0001,千房直営,000004,第4エリア,102   ,ぷれじでんと北店,2026/06/03,水,平日,,曇,27.0,19.0,計,255920,350000,0.7312,0.5948,496920,0.5150,24,7,10663.3,0.77,30,0.8000,35,0.6857,0,31650,0.1237,0.2218,0,92919,0.3631,0.3951,0.4868,0.6170,3674,4179.4,,0.0000,
0001,千房直営,000004,第4エリア,102   ,ぷれじでんと北店,2026/06/04,木,平日,,晴,27.0,20.0,計,420560,400000,1.0514,0.7166,578516,0.7270,36,10,11682.2,1.16,35,1.0286,38,0.9474,0,61928,0.1473,0.1926,0,115044,0.2736,0.3476,0.4208,0.5402,4567,5525.2,,0.0000,
0001,千房直営,000004,第4エリア,102   ,ぷれじでんと北店,2026/06/05,金,平日,,曇,24.0,19.0,計,340230,450000,0.7561,0.7257,421108,0.8079,31,12,10975.2,1.00,40,0.7750,33,0.9394,0,35032,0.1030,0.1711,0,99088,0.2912,0.3340,0.3942,0.5051,3983,5125.2,,0.0000,
0001,千房直営,000004,第4エリア,102   ,ぷれじでんと北店,2026/06/06,土,土曜,,晴,27.0,20.0,計,267615,350000,0.7646,0.7316,345360,0.7749,20,8,13380.8,0.65,31,0.6452,36,0.5556,0,47248,0.1766,0.1719,0,89009,0.3326,0.3338,0.5092,0.5057,3594,4467.7,,0.0000,
0001,千房直営,000004,第4エリア,102   ,ぷれじでんと北店,2026/06/07,日,日祝,,雨,22.0,19.0,計,,0,,0.7316,,,,,,0,0,,,,0,,,0.1719,0,0,,0.3338,,0.5057,0,,,,
0001,千房直営,000004,第4エリア,103   ,ぷれじでんとシェラトン都ホテル大阪店,2026/06/01,月,平日,,晴,29.0,21.0,計,,0,,,,,,,,0,0,,,,0,,,,0,0,,,,,0,,,,
0001,千房直営,000004,第4エリア,103   ,ぷれじでんとシェラトン都ホテル大阪店,2026/06/02,火,平日,,雨,23.0,19.0,計,183225,400000,0.4581,0.4581,169865,1.0787,30,9,6107.5,0.70,0,,30,1.0000,0,214767,1.1721,1.1721,0,161755,0.8828,0.8828,2.0550,2.0550,6554,1677.4,,0.0000,
0001,千房直営,000004,第4エリア,103   ,ぷれじでんとシェラトン都ホテル大阪店,2026/06/03,水,平日,,曇,27.0,19.0,計,305621,400000,0.7641,0.6111,426360,0.7168,34,14,8988.9,0.79,0,,35,0.9714,0,26107,0.0854,0.4927,0,138002,0.4515,0.6132,0.5370,1.1059,5539,3310.6,,0.0000,
0001,千房直営,000004,第4エリア,103   ,ぷれじでんとシェラトン都ホテル大阪店,2026/06/04,木,平日,,曇,27.0,20.0,計,193089,400000,0.4827,0.5683,247758,0.7793,29,15,6658.2,0.67,0,,41,0.7073,0,49127,0.2544,0.4253,0,115970,0.6006,0.6096,0.8550,1.0349,4813,2407.1,,0.0000,
0001,千房直営,000004,第4エリア,103   ,ぷれじでんとシェラトン都ホテル大阪店,2026/06/05,金,平日,,曇,24.0,19.0,計,276486,650000,0.4254,0.5181,722280,0.3828,30,15,9216.2,0.70,0,,64,0.4688,0,78314,0.2832,0.3843,0,114199,0.4130,0.5529,0.6963,0.9372,4623,3588.4,,0.0000,
0001,千房直営,000004,第4エリア,103   ,ぷれじでんとシェラトン都ホテル大阪店,2026/06/06,土,土曜,,晴,27.0,20.0,計,749363,850000,0.8816,0.6325,713572,1.0502,86,30,8713.5,2.00,0,,73,1.1781,0,123599,0.1649,0.2880,0,186255,0.2486,0.4194,0.4135,0.7074,7668,5863.6,,0.0000,
0001,千房直営,000004,第4エリア,103   ,ぷれじでんとシェラトン都ホテル大阪店,2026/06/07,日,日祝,,雨,22.0,19.0,計,678579,700000,0.9694,0.7019,555119,1.2224,81,20,8377.5,1.88,0,,81,1.0000,0,40454,0.0596,0.2231,0,171227,0.2523,0.3719,0.3119,0.5950,7149,5695.2,,0.0000,
0001,千房直営,000004,第4エリア,109   ,ぷれじでんとオー・エム・ホテル日航ビル店,2026/06/01,月,平日,,晴,29.0,22.0,計,,0,,,,,,,,0,0,,,,0,,,,0,0,,,,,0,,,,
0001,千房直営,000004,第4エリア,109   ,ぷれじでんとオー・エム・ホテル日航ビル店,2026/06/02,火,平日,,雨,23.0,19.0,計,121115,300000,0.4037,0.4037,283310,0.4275,22,11,5505.2,0.79,35,0.6286,35,0.6286,0,95596,0.7893,0.7893,0,71313,0.5888,0.5888,1.3781,1.3781,2922,2487.0,,0.0000,
0001,千房直営,000004,第4エリア,109   ,ぷれじでんとオー・エム・ホテル日航ビル店,2026/06/03,水,平日,,曇,27.0,19.0,計,255259,300000,0.8509,0.6273,263770,0.9677,46,15,5549.1,1.64,35,1.3143,43,1.0698,0,32082,0.1257,0.3392,0,84762,0.3321,0.4147,0.4577,0.7539,3474,4408.6,,0.0000,
0001,千房直営,000004,第4エリア,109   ,ぷれじでんとオー・エム・ホテル日航ビル店,2026/06/04,木,平日,,晴,27.0,21.0,計,359740,350000,1.0278,0.7749,268637,1.3391,45,12,7994.2,1.61,40,1.1250,24,1.8750,0,99838,0.2775,0.3091,0,89504,0.2488,0.3336,0.5263,0.6427,3605,5987.4,,0.0000,
0001,千房直営,000004,第4エリア,109   ,ぷれじでんとオー・エム・ホテル日航ビル店,2026/06/05,金,平日,,曇,24.0,20.0,計,153190,350000,0.4377,0.6841,310487,0.4934,34,13,4505.6,1.21,40,0.8500,35,0.9714,0,38025,0.2482,0.2986,0,71404,0.4661,0.3564,0.7143,0.6550,2988,3076.1,,0.0000,
0001,千房直営,000004,第4エリア,109   ,ぷれじでんとオー・エム・ホテル日航ビル店,2026/06/06,土,土曜,,晴,27.0,20.0,計,279777,600000,0.4663,0.6153,322964,0.8663,44,19,6358.6,1.57,65,0.6769,45,0.9778,0,104177,0.3724,0.3162,0,85387,0.3052,0.3442,0.6776,0.6604,3523,4764.9,,0.0000,
0001,千房直営,000004,第4エリア,109   ,ぷれじでんとオー・エム・ホテル日航ビル店,2026/06/07,日,日祝,,雨,23.0,19.0,計,515344,500000,1.0307,0.7018,551959,0.9337,55,27,9369.9,1.96,58,0.9483,80,0.6875,0,24415,0.0474,0.2340,0,108510,0.2106,0.3033,0.2579,0.5373,4424,6989.3,,0.0000,
0001,千房直営,000004,第4エリア,111   ,ぷれじでんと大丸心斎橋店,2026/06/01,月,平日,,晴,29.0,22.0,計,337413,400000,0.8435,0.8435,364973,0.9245,62,24,5442.1,1.82,50,1.2400,54,1.1481,125600,113809,0.3373,0.3373,0,98624,0.2923,0.2923,0.6296,0.6296,3937,5142.2,,0.0000,
0001,千房直営,000004,第4エリア,111   ,ぷれじでんと大丸心斎橋店,2026/06/02,火,平日,,雨,23.0,19.0,計,375943,400000,0.9399,0.8917,262390,1.4328,60,21,6265.7,1.76,50,1.2000,49,1.2245,125600,96788,0.2575,0.2952,0,102370,0.2723,0.2818,0.5298,0.5770,4221,5343.9,,0.0000,
0001,千房直営,000004,第4エリア,111   ,ぷれじでんと大丸心斎橋店,2026/06/03,水,平日,,曇,27.0,19.0,計,224773,400000,0.5619,0.7818,431897,0.5204,39,17,5763.4,1.15,50,0.7800,51,0.7647,125600,62136,0.2764,0.2907,0,85308,0.3795,0.3052,0.6560,0.5959,3617,3728.6,,0.0000,
0001,千房直営,000004,第4エリア,111   ,ぷれじでんと大丸心斎橋店,2026/06/04,木,平日,,晴,27.0,21.0,計,419237,400000,1.0481,0.8484,395491,1.0600,57,23,7355.0,1.68,50,1.1400,51,1.1176,125600,34950,0.0834,0.2267,0,103747,0.2475,0.2874,0.3308,0.5140,4260,5904.7,,0.0000,
0001,千房直営,000004,第4エリア,111   ,ぷれじでんと大丸心斎橋店,2026/06/05,金,平日,,曇,24.0,20.0,計,358880,450000,0.7975,0.8372,419581,0.8553,53,23,6771.3,1.56,56,0.9464,63,0.8413,125600,53568,0.1493,0.2105,0,99967,0.2786,0.2855,0.4278,0.4960,4138,5203.7,,0.0000,
0001,千房直営,000004,第4エリア,111   ,ぷれじでんと大丸心斎橋店,2026/06/06,土,土曜,,晴,27.0,20.0,計,593935,750000,0.7919,0.8251,702846,0.8450,94,35,6318.5,2.76,93,1.0108,97,0.9691,251250,,0.0000,0.1564,0,147608,0.2485,0.2760,0.2485,0.4324,5893,6047.2,,0.0000,
0001,千房直営,000004,第4エリア,111   ,ぷれじでんと大丸心斎橋店,2026/06/07,日,日祝,,雨,23.0,19.0,計,669996,750000,0.8933,0.8395,607853,1.1022,94,38,7127.6,2.76,94,1.0000,94,1.0000,251533,,0.0000,0.1212,0,163357,0.2438,0.2688,0.2438,0.3900,6528,6158.1,,0.0000,
0001,千房直営,000004,第4エリア,112   ,琥 虎ノ門,2026/06/01,月,平日,,晴,31.0,20.0,計,334210,200000,1.6711,1.6711,182800,1.8283,24,5,13925.4,1.71,15,1.6000,12,2.0000,0,12814,0.0383,0.0383,0,79201,0.2370,0.2370,0.2753,0.2753,3150,6365.9,,0.0000,
0001,千房直営,000004,第4エリア,112   ,琥 虎ノ門,2026/06/02,火,平日,,曇,25.0,20.0,計,194850,200000,0.9743,1.3227,384035,0.5074,11,3,17713.6,0.79,15,0.7333,25,0.4400,0,31792,0.1632,0.0843,0,55981,0.2873,0.2555,0.4505,0.3398,2210,5290.0,,0.0000,
0001,千房直営,000004,第4エリア,112   ,琥 虎ノ門,2026/06/03,水,平日,,雨,20.0,18.0,計,225300,200000,1.1265,1.2573,82850,2.7194,9,2,25033.3,0.64,15,0.6000,6,1.5000,0,46642,0.2070,0.1210,0,49234,0.2185,0.2445,0.4255,0.3654,1992,6786.1,,0.0000,
0001,千房直営,000004,第4エリア,112   ,琥 虎ノ門,2026/06/04,木,平日,,曇,23.0,19.0,計,158697,200000,0.7935,1.1413,170930,0.9284,12,4,13224.8,0.86,15,0.8000,16,0.7500,0,34377,0.2166,0.1376,0,38770,0.2443,0.2444,0.4609,0.3820,1638,5813.1,,0.0000,
0001,千房直営,000004,第4エリア,112   ,琥 虎ノ門,2026/06/05,金,平日,,曇,20.0,17.0,計,283680,200000,1.4184,1.1967,60650,4.6773,20,4,14184.0,1.43,15,1.3333,10,2.0000,0,38530,0.1358,0.1372,0,28140,0.0992,0.2100,0.2350,0.3472,1104,15417.4,,0.0000,
0001,千房直営,000004,第4エリア,112   ,琥 虎ノ門,2026/06/06,土,土曜,,曇,23.0,16.0,計,13300,200000,0.0665,1.0084,423140,0.0314,2,1,6650.0,0.14,15,0.1333,12,0.1667,0,23932,1.7994,0.1554,0,45889,3.4503,0.2456,5.2497,0.4011,1817,439.2,,0.0000,
0001,千房直営,000004,第4エリア,112   ,琥 虎ノ門,2026/06/07,日,日祝,,曇,21.0,17.0,計,132500,200000,0.6625,0.9590,261350,0.5070,10,3,13250.0,0.71,15,0.6667,17,0.5882,0,,0.0000,0.1401,0,46309,0.3495,0.2559,0.3495,0.3960,1842,4316.0,,0.0000,
0001,千房直営,000004,第4エリア,113   ,ぷれじでんとRetreat,2026/06/01,月,平日,,晴,29.0,22.0,計,21770,80000,0.2721,0.2721,110980,0.1962,2,1,10885.0,0.20,6,0.3333,8,0.2500,0,13566,0.6232,0.6232,0,24258,1.1143,1.1143,1.7374,1.7374,980,1332.9,,0.0000,
0001,千房直営,000004,第4エリア,113   ,ぷれじでんとRetreat,2026/06/02,火,平日,,雨,23.0,19.0,計,,90000,0.0000,0.1281,36409,0.0000,,,,0,8,0.0000,3,0.0000,0,5073,,0.8562,0,10758,,1.6085,,2.4646,440,0,,,
0001,千房直営,000004,第4エリア,113   ,ぷれじでんとRetreat,2026/06/03,水,平日,,曇,27.0,19.0,計,130440,90000,1.4493,0.5854,94740,1.3768,8,2,16305.0,0.80,8,1.0000,8,1.0000,0,7935,0.0608,0.1746,0,27535,0.2111,0.4110,0.2719,0.5855,1125,6956.8,,0.0000,
0001,千房直営,000004,第4エリア,113   ,ぷれじでんとRetreat,2026/06/04,木,平日,,晴,27.0,20.0,計,99570,90000,1.1063,0.7194,4418,22.5373,8,2,12446.3,0.80,8,1.0000,1,8.0000,0,10080,0.1012,0.1456,0,26966,0.2708,0.3555,0.3721,0.5011,1063,5620.1,,0.0000,
0001,千房直営,000004,第4エリア,113   ,ぷれじでんとRetreat,2026/06/05,金,平日,,曇,24.0,19.0,計,93970,100000,0.9397,0.7683,50140,1.8742,6,2,15661.7,0.60,9,0.6667,3,2.0000,0,10328,0.1099,0.1359,0,32479,0.3456,0.3528,0.4555,0.4887,1324,4258.5,,0.0000,
0001,千房直営,000004,第4エリア,113   ,ぷれじでんとRetreat,2026/06/06,土,土曜,,晴,27.0,20.0,計,36950,80000,0.4619,0.7221,114720,0.3221,3,1,12316.7,0.30,6,0.5000,8,0.3750,0,7808,0.2113,0.1432,0,19863,0.5376,0.3707,0.7489,0.5138,805,2754.0,,0.0000,
0001,千房直営,000004,第4エリア,113   ,ぷれじでんとRetreat,2026/06/07,日,日祝,,雨,22.0,19.0,計,,0,,0.7221,,,,,,0,0,,,,0,,,0.1432,0,0,,0.3707,,0.5138,0,,,,
0001,千房直営,000001,第1エリア,301   ,道頓堀ビル店,2026/06/01,月,平日,,晴,29.0,22.0,計,1094003,1200000,0.9117,0.9117,1769970,0.6181,485,175,2255.7,2.62,0,,772,0.6282,0,269777,0.2466,0.2466,0,288120,0.2634,0.2634,0.5100,0.5100,12384,5300.4,,0.0000,
0001,千房直営,000001,第1エリア,301   ,道頓堀ビル店,2026/06/02,火,平日,,雨,23.0,19.0,計,1222085,1400000,0.8729,0.8908,1849454,0.6608,502,184,2434.4,2.71,0,,738,0.6802,0,590044,0.4828,0.3712,0,268071,0.2194,0.2401,0.7022,0.6114,11618,6311.3,,0.0000,
0001,千房直営,000001,第1エリア,301   ,道頓堀ビル店,2026/06/03,水,平日,,曇,27.0,19.0,計,1504853,1500000,1.0032,0.9319,1618369,0.9299,627,231,2400.1,3.39,0,,688,0.9113,0,216804,0.1441,0.2818,0,290616,0.1931,0.2216,0.3372,0.5034,12886,7006.9,,0.0000,
0001,千房直営,000001,第1エリア,301   ,道頓堀ビル店,2026/06/04,木,平日,,晴,27.0,21.0,計,1301571,1500000,0.8677,0.9147,1644399,0.7915,573,201,2271.5,3.10,0,,754,0.7599,0,338910,0.2604,0.2763,0,278392,0.2139,0.2197,0.4743,0.4960,12011,6501.9,,0.0000,
0001,千房直営,000001,第1エリア,301   ,道頓堀ビル店,2026/06/05,金,平日,,曇,24.0,20.0,計,1461556,1700000,0.8597,0.9019,1966140,0.7434,621,226,2353.6,3.36,0,,811,0.7657,0,238085,0.1629,0.2512,0,309077,0.2115,0.2178,0.3744,0.4690,13368,6559.9,,0.0000,
0001,千房直営,000001,第1エリア,301   ,道頓堀ビル店,2026/06/06,土,土曜,,晴,27.0,20.0,計,1537429,2000000,0.7687,0.8733,2142395,0.7176,634,235,2425.0,3.43,0,,920,0.6891,0,234738,0.1527,0.2325,0,322005,0.2094,0.2163,0.3621,0.4488,14211,6491.2,,0.0000,
0001,千房直営,000001,第1エリア,301   ,道頓堀ビル店,2026/06/07,日,日祝,,雨,23.0,19.0,計,1672288,1900000,0.8802,0.8744,2223443,0.7521,695,254,2406.2,3.76,0,,965,0.7202,0,,0.0000,0.1928,0,348369,0.2083,0.2149,0.2083,0.4077,15193,6604.2,,0.0000,
0001,千房直営,600000,本社,333   ,検証,2026/06/01,月,平日,,晴,29.0,22.0,計,,,,,,,,,,,,,,,,,,,,0,,,,,0,,,,
0001,千房直営,600000,本社,333   ,検証,2026/06/02,火,平日,,雨,23.0,19.0,計,,,,,,,,,,,,,,,,,,,,0,,,,,0,,,,
0001,千房直営,600000,本社,333   ,検証,2026/06/03,水,平日,,曇,27.0,19.0,計,,,,,,,,,,,,,,,,,,,,0,,,,,0,,,,
0001,千房直営,600000,本社,333   ,検証,2026/06/04,木,平日,,晴,27.0,21.0,計,,,,,,,,,,,,,,,,,,,,0,,,,,0,,,,
0001,千房直営,600000,本社,333   ,検証,2026/06/05,金,平日,,曇,24.0,20.0,計,,,,,,,,,,,,,,,,,,,,0,,,,,0,,,,
0001,千房直営,600000,本社,333   ,検証,2026/06/06,土,土曜,,晴,27.0,20.0,計,,,,,,,,,,,,,,,,,,,,0,,,,,0,,,,
0001,千房直営,600000,本社,333   ,検証,2026/06/07,日,日祝,,雨,23.0,19.0,計,,,,,,,,,,,,,,,,,,,,0,,,,,0,,,,
0001,千房直営,600000,本社,350   ,直営統括共通,2026/06/01,月,平日,,晴,28.0,22.0,計,,,,,,,,,,,,,,,,,,,,0,,,,,0,,,,
0001,千房直営,600000,本社,350   ,直営統括共通,2026/06/02,火,平日,,雨,23.0,19.0,計,,,,,,,,,,,,,,,,,,,,0,,,,,0,,,,
0001,千房直営,600000,本社,350   ,直営統括共通,2026/06/03,水,平日,,曇,27.0,19.0,計,,,,,,,,,,,,,,,,,,,,0,,,,,0,,,,
0001,千房直営,600000,本社,350   ,直営統括共通,2026/06/04,木,平日,,曇,27.0,21.0,計,,,,,,,,,,,,,,,,,,,,0,,,,,0,,,,
0001,千房直営,600000,本社,350   ,直営統括共通,2026/06/05,金,平日,,曇,24.0,19.0,計,,,,,,,,,,,,,,,,,,,,0,,,,,0,,,,
0001,千房直営,600000,本社,350   ,直営統括共通,2026/06/06,土,土曜,,晴,27.0,20.0,計,,,,,,,,,,,,,,,,,,,,0,,,,,0,,,,
0001,千房直営,600000,本社,350   ,直営統括共通,2026/06/07,日,日祝,,雨,23.0,19.0,計,,,,,,,,,,,,,,,,,,,,0,,,,,0,,,,
0001,千房直営,600000,本社,352   ,商品企画,2026/06/01,月,平日,,晴,28.0,22.0,計,,,,,,,,,,,,,,,,,,,,0,,,,,0,,,,
0001,千房直営,600000,本社,352   ,商品企画,2026/06/02,火,平日,,雨,23.0,19.0,計,,,,,,,,,,,,,,,,,,,,0,,,,,0,,,,
0001,千房直営,600000,本社,352   ,商品企画,2026/06/03,水,平日,,曇,27.0,19.0,計,,,,,,,,,,,,,,,,,,,,0,,,,,0,,,,
0001,千房直営,600000,本社,352   ,商品企画,2026/06/04,木,平日,,曇,27.0,21.0,計,,,,,,,,,,,,,,,,,,,,0,,,,,0,,,,
0001,千房直営,600000,本社,352   ,商品企画,2026/06/05,金,平日,,曇,24.0,19.0,計,,,,,,,,,,,,,,,,,,,,0,,,,,0,,,,
0001,千房直営,600000,本社,352   ,商品企画,2026/06/06,土,土曜,,晴,27.0,20.0,計,,,,,,,,,,,,,,,,,,,,0,,,,,0,,,,
0001,千房直営,600000,本社,352   ,商品企画,2026/06/07,日,日祝,,雨,23.0,19.0,計,,,,,,,,,,,,,,,,,,,,0,,,,,0,,,,
0001,千房直営,000001,第1エリア,702   ,Chibo`s Kitchen ららぽーと甲子園店,2026/06/01,月,平日,,晴,27.0,22.0,計,101445,120000,0.8454,0.8454,95483,1.0624,127,127,798.8,,0,,127,1.0000,0,72217,0.7119,0.7119,0,38730,0.3818,0.3818,1.0937,1.0937,1569,3879.3,,0.0000,
0001,千房直営,000001,第1エリア,702   ,Chibo`s Kitchen ららぽーと甲子園店,2026/06/02,火,平日,,雨,23.0,19.0,計,30800,120000,0.2567,0.5510,51400,0.5992,30,30,1026.7,,0,,51,0.5882,0,11163,0.3624,0.6305,0,33881,1.1000,0.5491,1.4625,1.1796,1351,1367.9,,0.0000,
0001,千房直営,000001,第1エリア,702   ,Chibo`s Kitchen ららぽーと甲子園店,2026/06/03,水,平日,,曇,27.0,20.0,計,91596,120000,0.7633,0.6218,61538,1.4884,90,90,1017.7,,0,,61,1.4754,0,,0.0000,0.3725,0,32312,0.3528,0.4687,0.3528,0.8412,1316,4176.1,,0.0000,
0001,千房直営,000001,第1エリア,702   ,Chibo`s Kitchen ららぽーと甲子園店,2026/06/04,木,平日,,晴,26.0,20.0,計,98198,120000,0.8183,0.6709,64127,1.5313,101,101,972.3,,0,,68,1.4853,0,,0.0000,0.2589,0,36514,0.3718,0.4392,0.3718,0.6981,1477,3989.1,,0.0000,
0001,千房直営,000001,第1エリア,702   ,Chibo`s Kitchen ららぽーと甲子園店,2026/06/05,金,平日,,曇,24.0,19.0,計,95345,120000,0.7945,0.6956,107767,0.8847,94,94,1014.3,,0,,103,0.9126,0,,0.0000,0.1998,0,30957,0.3247,0.4130,0.3247,0.6128,1340,4269.2,,0.0000,
0001,千房直営,000001,第1エリア,702   ,Chibo`s Kitchen ららぽーと甲子園店,2026/06/06,土,土曜,,晴,26.0,21.0,計,274735,250000,1.0989,0.8143,251513,1.0923,234,234,1174.1,,0,,242,0.9669,0,,0.0000,0.1205,0,56020,0.2039,0.3300,0.2039,0.4505,2354,7002.6,,0.0000,
0001,千房直営,000001,第1エリア,702   ,Chibo`s Kitchen ららぽーと甲子園店,2026/06/07,日,日祝,,雨,23.0,19.0,計,290573,300000,0.9686,0.8545,322498,0.9010,245,245,1186.0,,0,,283,0.8657,0,,0.0000,0.0848,0,58429,0.2011,0.2919,0.2011,0.3767,2530,6891.1,,0.0000,
0001,千房直営,040000,ODEN事業部,704   ,すみ吉 心斎橋,2026/06/01,月,平日,,晴,29.0,22.0,計,66562,100000,0.6656,0.6656,127583,0.5217,7,5,9508.9,0.41,0,,19,0.3684,0,4012,0.0603,0.0603,0,40586,0.6097,0.6097,0.6700,0.6700,1371,2913.0,,0.0000,
0001,千房直営,040000,ODEN事業部,704   ,すみ吉 心斎橋,2026/06/02,火,平日,,雨,23.0,19.0,計,161895,100000,1.6190,1.1423,127310,1.2717,19,7,8520.8,1.12,0,,14,1.3571,0,8370,0.0517,0.0542,0,47642,0.2943,0.3862,0.3460,0.4404,1665,5834.1,,0.0000,
0001,千房直営,040000,ODEN事業部,704   ,すみ吉 心斎橋,2026/06/03,水,平日,,曇,27.0,19.0,計,,0,,1.1423,,,,,,0,0,,,,0,,,0.0542,0,0,,0.3862,,0.4404,0,,,,
0001,千房直営,040000,ODEN事業部,704   ,すみ吉 心斎橋,2026/06/04,木,平日,,晴,27.0,21.0,計,128831,130000,0.9910,1.0827,204320,0.6305,15,7,8588.7,0.88,0,,18,0.8333,0,13574,0.1054,0.0726,0,49763,0.3863,0.3862,0.4916,0.4589,1927,4011.3,,0.0000,
0001,千房直営,040000,ODEN事業部,704   ,すみ吉 心斎橋,2026/06/05,金,平日,,曇,24.0,20.0,計,46625,130000,0.3587,0.8781,149226,0.3124,4,3,11656.3,0.24,0,,15,0.2667,0,7056,0.1513,0.0817,0,37899,0.8128,0.4355,0.9642,0.5172,1272,2199.3,,0.0000,
0001,千房直営,040000,ODEN事業部,704   ,すみ吉 心斎橋,2026/06/06,土,土曜,,晴,27.0,20.0,計,111833,140000,0.7988,0.8596,68239,1.6388,20,10,5591.7,1.18,0,,9,2.2222,0,,0.0000,0.0640,0,57522,0.5144,0.4526,0.5144,0.5166,1997,3360.0,,0.0000,
0001,千房直営,040000,ODEN事業部,704   ,すみ吉 心斎橋,2026/06/07,日,日祝,,雨,23.0,19.0,計,90637,110000,0.8240,0.8541,75002,1.2085,20,11,4531.9,1.18,0,,11,1.8182,0,,0.0000,0.0544,0,47116,0.5198,0.4626,0.5198,0.5171,1661,3274.1,,0.0000,
0001,千房直営,030000,キッチンカー,800   ,キッチンカー,2026/06/01,月,平日,,晴,29.0,22.0,計,,,,,,,,,,,,,,,,,,,,0,,,,,0,,,,
0001,千房直営,030000,キッチンカー,800   ,キッチンカー,2026/06/02,火,平日,,雨,23.0,19.0,計,,,,,,,,,,,,,,,,,,,,0,,,,,0,,,,
0001,千房直営,030000,キッチンカー,800   ,キッチンカー,2026/06/03,水,平日,,曇,27.0,19.0,計,,,,,,,,,,,,,,,,,,,,0,,,,,0,,,,
0001,千房直営,030000,キッチンカー,800   ,キッチンカー,2026/06/04,木,平日,,晴,27.0,21.0,計,,,,,,,,,,,,,,,,,,,,0,,,,,0,,,,
0001,千房直営,030000,キッチンカー,800   ,キッチンカー,2026/06/05,金,平日,,曇,24.0,20.0,計,,,,,,,,,,,,,,,,,,,,0,,,,,0,,,,
0001,千房直営,030000,キッチンカー,800   ,キッチンカー,2026/06/06,土,土曜,,晴,27.0,20.0,計,,,,,,,,,,,,,,,,,,,,0,,,,,0,,,,
0001,千房直営,030000,キッチンカー,800   ,キッチンカー,2026/06/07,日,日祝,,雨,23.0,19.0,計,,,,,,,,,,,,,,,,,,,,0,,,,,0,,,,
0002,千房FC,500002,FC第2エリア,515   ,大和郡山店,2026/06/01,月,平日,休,晴,30.0,18.0,計,,0,,,,,,,,0,0,,,,0,,,,,0,,,,,0,,,,
0002,千房FC,500002,FC第2エリア,515   ,大和郡山店,2026/06/02,火,平日,,雨,22.0,19.0,計,,68000,0.0000,0.0000,,,,,,0,0,,,,0,28722,,,,0,,,,,0,,,,
0002,千房FC,500002,FC第2エリア,515   ,大和郡山店,2026/06/03,水,平日,,曇,25.0,18.0,計,,68000,0.0000,0.0000,,,,,,0,0,,,,0,,,,,0,,,,,0,,,,
0002,千房FC,500002,FC第2エリア,515   ,大和郡山店,2026/06/04,木,平日,,曇,26.0,19.0,計,,68000,0.0000,0.0000,,,,,,0,0,,,,0,,,,,0,,,,,0,,,,
0002,千房FC,500002,FC第2エリア,515   ,大和郡山店,2026/06/05,金,平日,,曇,23.0,18.0,計,,68000,0.0000,0.0000,,,,,,0,0,,,,0,,,,,0,,,,,0,,,,
0002,千房FC,500002,FC第2エリア,515   ,大和郡山店,2026/06/06,土,土曜,,晴,28.0,19.0,計,,75000,0.0000,0.0000,,,,,,0,0,,,,0,,,,,0,,,,,0,,,,
0002,千房FC,500002,FC第2エリア,515   ,大和郡山店,2026/06/07,日,日祝,,雨,21.0,19.0,計,,80000,0.0000,0.0000,,,,,,0,0,,,,0,,,,,0,,,,,0,,,,
0002,千房FC,500003,FC第3エリア,516   ,阪急服部店,2026/06/01,月,平日,,晴,29.0,21.0,計,97216,75000,1.2962,1.2962,53663,1.8116,41,15,2371.1,0.95,49,0.8367,27,1.5185,0,24747,0.2546,0.2546,,0,0.0000,0.0000,0.2546,0.2546,0,,,0.0000,
0002,千房FC,500003,FC第3エリア,516   ,阪急服部店,2026/06/02,火,平日,,雨,23.0,19.0,計,41223,75000,0.5496,0.9229,68346,0.6032,27,13,1526.8,0.63,49,0.5510,30,0.9000,0,5627,0.1365,0.2194,,0,0.0000,0.0000,0.1365,0.2194,0,,,0.0000,
0002,千房FC,500003,FC第3エリア,516   ,阪急服部店,2026/06/03,水,平日,,曇,26.0,19.0,計,37023,75000,0.4936,0.7798,74241,0.4987,21,10,1763.0,0.49,49,0.4286,33,0.6364,0,,0.0000,0.1731,,0,0.0000,0.0000,0.0000,0.1731,0,,,0.0000,
0002,千房FC,500003,FC第3エリア,516   ,阪急服部店,2026/06/04,木,平日,,晴,26.0,19.0,計,66049,75000,0.8807,0.8050,86788,0.7610,25,13,2642.0,0.58,49,0.5102,29,0.8621,0,1813,0.0274,0.1333,,0,0.0000,0.0000,0.0274,0.1333,0,,,0.0000,
0002,千房FC,500003,FC第3エリア,516   ,阪急服部店,2026/06/05,金,平日,,曇,23.0,18.0,計,56291,75000,0.7505,0.7941,36301,1.5507,32,17,1759.1,0.74,49,0.6531,22,1.4545,0,,0.0000,0.1081,,0,0.0000,0.0000,0.0000,0.1081,0,,,0.0000,
0002,千房FC,500003,FC第3エリア,516   ,阪急服部店,2026/06/06,土,土曜,,晴,27.0,20.0,計,200959,110000,1.8269,1.0284,147193,1.3653,111,23,1810.4,2.58,69,1.6087,69,1.6087,0,,0.0000,0.0645,,0,0.0000,0.0000,0.0000,0.0645,0,,,0.0000,
0002,千房FC,500003,FC第3エリア,516   ,阪急服部店,2026/06/07,日,日祝,,雨,22.0,19.0,計,62689,120000,0.5224,0.9280,148652,0.4217,37,16,1694.3,0.86,76,0.4868,75,0.4933,0,,0.0000,0.0573,,0,0.0000,0.0000,0.0000,0.0573,0,,,0.0000,
0002,千房FC,500003,FC第3エリア,522   ,金剛店,2026/06/01,月,平日,,晴,29.0,19.0,計,34274,90000,0.3808,0.3808,64521,0.5312,24,13,1428.1,0.55,47,0.5106,31,0.7742,2099,10040,0.2929,0.2929,,23294,0.6796,0.6796,0.9726,0.9726,1113,1847.7,,0.0000,
0002,千房FC,500003,FC第3エリア,522   ,金剛店,2026/06/02,火,平日,休,雨,22.0,19.0,計,,0,,0.3808,,,,,,0,0,,,,0,,,0.2929,,0,,0.6796,,0.9726,0,,,,
0002,千房FC,500003,FC第3エリア,522   ,金剛店,2026/06/03,水,平日,,曇,26.0,19.0,計,135022,90000,1.5002,0.9405,87721,1.5392,64,23,2109.7,1.45,47,1.3617,44,1.4545,2099,,0.0000,0.0593,,22960,0.1700,0.2732,0.1700,0.3325,1104,7338.2,,0.0000,
0002,千房FC,500003,FC第3エリア,522   ,金剛店,2026/06/04,木,平日,,曇,26.0,20.0,計,64333,90000,0.7148,0.8653,66100,0.9733,37,19,1738.7,0.84,47,0.7872,39,0.9487,2099,,0.0000,0.0430,,24152,0.3754,0.3014,0.3754,0.3443,1139,3388.9,,0.0000,
0002,千房FC,500003,FC第3エリア,522   ,金剛店,2026/06/05,金,平日,,曇,24.0,18.0,計,123543,90000,1.3727,0.9921,75786,1.6302,67,27,1843.9,1.52,47,1.4255,35,1.9143,2099,,0.0000,0.0281,,25384,0.2055,0.2682,0.2055,0.2963,1186,6250.1,,0.0000,
0002,千房FC,500003,FC第3エリア,522   ,金剛店,2026/06/06,土,土曜,,曇,27.0,20.0,計,183417,180000,1.0190,1.0011,76439,2.3995,95,43,1930.7,2.16,98,0.9694,37,2.5676,3420,,0.0000,0.0186,,42138,0.2297,0.2551,0.2297,0.2737,1992,5524.6,,0.0000,
0002,千房FC,500003,FC第3エリア,522   ,金剛店,2026/06/07,日,日祝,,雨,22.0,19.0,計,178708,200000,0.8935,0.9720,171064,1.0447,83,32,2153.1,1.89,112,0.7411,86,0.9651,3599,,0.0000,0.0140,,40270,0.2253,0.2477,0.2253,0.2617,1914,5602.1,,0.0000,
0002,千房FC,500004,FC第4エリア,526   ,高知野市店,2026/06/01,月,平日,,雨,26.0,20.0,計,30099,25000,1.2040,1.2040,25673,1.1724,16,10,1881.2,0.70,12,1.3333,11,1.4545,7700,10764,0.3576,0.3576,,0,0.0000,0.0000,0.3576,0.3576,0,,,0.0000,
0002,千房FC,500004,FC第4エリア,526   ,高知野市店,2026/06/02,火,平日,,雨,24.0,20.0,計,11353,25000,0.4541,0.8290,16823,0.6749,7,3,1621.9,0.30,12,0.5833,10,0.7000,7700,19203,1.6914,0.7229,,0,0.0000,0.0000,1.6914,0.7229,0,,,0.0000,
0002,千房FC,500004,FC第4エリア,526   ,高知野市店,2026/06/03,水,平日,休,晴,29.0,22.0,計,,0,,0.8290,,,,,,0,0,,,,0,,,0.7229,,0,,0.0000,,0.7229,0,,,,
0002,千房FC,500004,FC第4エリア,526   ,高知野市店,2026/06/04,木,平日,,雨,24.0,21.0,計,15660,25000,0.6264,0.7615,9240,1.6948,10,6,1566.0,0.43,12,0.8333,5,2.0000,7700,4374,0.2793,0.6013,,0,0.0000,0.0000,0.2793,0.6013,0,,,0.0000,
0002,千房FC,500004,FC第4エリア,526   ,高知野市店,2026/06/05,金,平日,,曇,24.0,20.0,計,21702,25000,0.8681,0.7881,25959,0.8360,12,6,1808.5,0.52,12,1.0000,17,0.7059,7700,,0.0000,0.4357,,0,0.0000,0.0000,0.0000,0.4357,0,,,0.0000,
0002,千房FC,500004,FC第4エリア,526   ,高知野市店,2026/06/06,土,土曜,,雨,23.0,20.0,計,77366,30000,2.5789,1.2014,50705,1.5258,44,19,1758.3,1.91,12,3.6667,30,1.4667,10080,10453,0.1351,0.2868,,0,0.0000,0.0000,0.1351,0.2868,0,,,0.0000,
0002,千房FC,500004,FC第4エリア,526   ,高知野市店,2026/06/07,日,日祝,,雨,22.0,20.0,計,22701,30000,0.7567,1.1180,29682,0.7648,12,7,1891.8,0.52,17,0.7059,17,0.7059,10560,,0.0000,0.2504,,0,0.0000,0.0000,0.0000,0.2504,0,,,0.0000,
0002,千房FC,500004,FC第4エリア,527   ,岡山大安寺店,2026/06/01,月,平日,,,,,計,139485,93000,1.4998,1.4998,72981,1.9113,69,37,2021.5,0.72,76,0.9079,53,1.3019,15035,,0.0000,0.0000,,0,0.0000,0.0000,0.0000,0.0000,0,,,0.0000,
0002,千房FC,500004,FC第4エリア,527   ,岡山大安寺店,2026/06/02,火,平日,,,,,計,74058,93000,0.7963,1.1481,49008,1.5111,58,35,1276.9,0.60,76,0.7632,52,1.1154,15035,,0.0000,0.0000,,0,0.0000,0.0000,0.0000,0.0000,0,,,0.0000,
0002,千房FC,500004,FC第4エリア,527   ,岡山大安寺店,2026/06/03,水,平日,,,,,計,90694,93000,0.9752,1.0905,67685,1.3399,57,27,1591.1,0.59,76,0.7500,56,1.0179,15035,,0.0000,0.0000,,0,0.0000,0.0000,0.0000,0.0000,0,,,0.0000,
0002,千房FC,500004,FC第4エリア,527   ,岡山大安寺店,2026/06/04,木,平日,,,,,計,68028,93000,0.7315,1.0007,70271,0.9681,52,24,1308.2,0.54,76,0.6842,57,0.9123,15035,,0.0000,0.0000,,0,0.0000,0.0000,0.0000,0.0000,0,,,0.0000,
0002,千房FC,500004,FC第4エリア,527   ,岡山大安寺店,2026/06/05,金,平日,,,,,計,131520,93000,1.4142,1.0834,96058,1.3692,100,48,1315.2,1.04,76,1.3158,91,1.0989,15035,,0.0000,0.0000,,0,0.0000,0.0000,0.0000,0.0000,0,,,0.0000,
0002,千房FC,500004,FC第4エリア,527   ,岡山大安寺店,2026/06/06,土,土曜,,,,,計,128530,180000,0.7141,0.9803,115517,1.1127,88,43,1460.6,0.92,144,0.6111,95,0.9263,32333,,0.0000,0.0000,,0,0.0000,0.0000,0.0000,0.0000,0,,,0.0000,
0002,千房FC,500004,FC第4エリア,527   ,岡山大安寺店,2026/06/07,日,日祝,,,,,計,173672,190000,0.9141,0.9653,178546,0.9727,124,55,1400.6,1.29,152,0.8158,131,0.9466,33950,,0.0000,0.0000,,0,0.0000,0.0000,0.0000,0.0000,0,,,0.0000,
0002,千房FC,500004,FC第4エリア,529   ,高知南国店,2026/06/01,月,平日,,雨,27.0,21.0,計,64191,70000,0.9170,0.9170,50044,1.2827,37,22,1734.9,0.84,55,0.6727,45,0.8222,14490,,0.0000,0.0000,,0,0.0000,0.0000,0.0000,0.0000,0,,,0.0000,
0002,千房FC,500004,FC第4エリア,529   ,高知南国店,2026/06/02,火,平日,,雨,24.0,20.0,計,49078,70000,0.7011,0.8091,71722,0.6843,31,20,1583.2,0.70,55,0.5636,64,0.4844,14490,48400,0.9862,0.4273,,0,0.0000,0.0000,0.9862,0.4273,0,,,0.0000,
0002,千房FC,500004,FC第4エリア,529   ,高知南国店,2026/06/03,水,平日,,晴,30.0,22.0,計,51647,70000,0.7378,0.7853,42479,1.2158,37,22,1395.9,0.84,55,0.6727,36,1.0278,14490,2300,0.0445,0.3074,,0,0.0000,0.0000,0.0445,0.3074,0,,,0.0000,
0002,千房FC,500004,FC第4エリア,529   ,高知南国店,2026/06/04,木,平日,,雨,25.0,21.0,計,71732,70000,1.0247,0.8452,76349,0.9395,48,24,1494.4,1.09,55,0.8727,69,0.6957,14490,34106,0.4755,0.3584,,0,0.0000,0.0000,0.4755,0.3584,0,,,0.0000,
0002,千房FC,500004,FC第4エリア,529   ,高知南国店,2026/06/05,金,平日,,曇,24.0,20.0,計,56241,70000,0.8034,0.8368,68176,0.8249,40,24,1406.0,0.91,55,0.7273,66,0.6061,14490,15615,0.2776,0.3429,,0,0.0000,0.0000,0.2776,0.3429,0,,,0.0000,
0002,千房FC,500004,FC第4エリア,529   ,高知南国店,2026/06/06,土,土曜,,雨,23.0,21.0,計,114670,130000,0.8821,0.8491,146623,0.7821,77,37,1489.2,1.75,107,0.7196,126,0.6111,27011,20425,0.1781,0.2965,,0,0.0000,0.0000,0.1781,0.2965,0,,,0.0000,
0002,千房FC,500004,FC第4エリア,529   ,高知南国店,2026/06/07,日,日祝,,雨,22.0,20.0,計,92396,130000,0.7107,0.8196,132803,0.6957,71,28,1301.4,1.61,104,0.6827,105,0.6762,27011,,0.0000,0.2417,,0,0.0000,0.0000,0.0000,0.2417,0,,,0.0000,
0002,千房FC,500004,FC第4エリア,531   ,高松レインボー店,2026/06/01,月,平日,,晴,28.0,19.0,計,92611,105000,0.8820,0.8820,84248,1.0993,57,28,1624.8,0.89,54,1.0556,56,1.0179,0,,0.0000,0.0000,0,54629,0.5899,0.5899,0.5899,0.5899,2645,2100.8,,0.0000,
0002,千房FC,500004,FC第4エリア,531   ,高松レインボー店,2026/06/02,火,平日,,雨,21.0,20.0,計,32994,105000,0.3142,0.5981,71732,0.4600,19,10,1736.5,0.30,54,0.3519,46,0.4130,0,15677,0.4751,0.1248,0,28553,0.8654,0.6623,1.3405,0.7871,1458,1357.8,,0.0000,
0002,千房FC,500004,FC第4エリア,531   ,高松レインボー店,2026/06/03,水,平日,,晴,29.0,20.0,計,164003,105000,1.5619,0.9194,,,110,25,1490.9,1.72,54,2.0370,,,0,,0.0000,0.0541,0,29840,0.1819,0.3903,0.1819,0.4444,1557,6320.0,,0.0000,
0002,千房FC,500004,FC第4エリア,531   ,高松レインボー店,2026/06/04,木,平日,,雨,24.0,19.0,計,77707,105000,0.7401,0.8746,95236,0.8159,51,28,1523.7,0.80,54,0.9444,59,0.8644,0,59371,0.7640,0.2043,0,39196,0.5044,0.4144,1.2684,0.6187,2102,2218.1,,0.0000,
0002,千房FC,500004,FC第4エリア,531   ,高松レインボー店,2026/06/05,金,平日,,曇,22.0,19.0,計,134989,105000,1.2856,0.9568,114208,1.1820,80,35,1687.4,1.25,54,1.4815,75,1.0667,0,0,0.0000,0.1494,0,47046,0.3485,0.3967,0.3485,0.5461,2157,3754.9,,0.0000,
0002,千房FC,500004,FC第4エリア,531   ,高松レインボー店,2026/06/06,土,土曜,,曇,25.0,20.0,計,186882,230000,0.8125,0.9128,161809,1.1550,119,49,1570.4,1.86,115,1.0348,117,1.0171,0,9320,0.0499,0.1224,0,56094,0.3002,0.3705,0.3500,0.4929,3072,3650.0,,0.0000,
0002,千房FC,500004,FC第4エリア,531   ,高松レインボー店,2026/06/07,日,日祝,,雨,22.0,19.0,計,272115,220000,1.2369,0.9860,191336,1.4222,177,70,1537.4,2.77,111,1.5946,141,1.2553,0,,0.0000,0.0878,0,69657,0.2560,0.3381,0.2560,0.4259,3603,4531.5,,0.0000,
0002,千房FC,500002,FC第2エリア,534   ,札幌アスティ４５店,2026/06/01,月,平日,,晴,29.0,14.0,計,101959,120000,0.8497,0.8497,191002,0.5338,56,32,1820.7,1.17,74,0.7568,96,0.5833,24120,22094,0.2167,0.2167,,0,0.0000,0.0000,0.2167,0.2167,0,,,0.0000,
0002,千房FC,500002,FC第2エリア,534   ,札幌アスティ４５店,2026/06/02,火,平日,,曇,29.0,19.0,計,120934,120000,1.0078,0.9287,79983,1.5120,69,35,1752.7,1.44,74,0.9324,51,1.3529,24120,123158,1.0184,0.6517,,0,0.0000,0.0000,1.0184,0.6517,0,,,0.0000,
0002,千房FC,500002,FC第2エリア,534   ,札幌アスティ４５店,2026/06/03,水,平日,,晴,28.0,17.0,計,104242,120000,0.8687,0.9087,168157,0.6199,66,42,1579.4,1.38,74,0.8919,77,0.8571,24120,,0.0000,0.4440,,0,0.0000,0.0000,0.0000,0.4440,0,,,0.0000,
0002,千房FC,500002,FC第2エリア,534   ,札幌アスティ４５店,2026/06/04,木,平日,,晴,23.0,16.0,計,136677,120000,1.1390,0.9663,52171,2.6198,81,46,1687.4,1.69,74,1.0946,46,1.7609,24120,2450,0.0179,0.3185,,0,0.0000,0.0000,0.0179,0.3185,0,,,0.0000,
0002,千房FC,500002,FC第2エリア,534   ,札幌アスティ４５店,2026/06/05,金,平日,,晴,23.0,15.0,計,185911,120000,1.5493,1.0829,200149,0.9289,89,49,2088.9,1.85,74,1.2027,82,1.0854,24120,11685,0.0629,0.2453,,0,0.0000,0.0000,0.0629,0.2453,0,,,0.0000,
0002,千房FC,500002,FC第2エリア,534   ,札幌アスティ４５店,2026/06/06,土,土曜,,雨,13.0,11.0,計,245931,200000,1.2297,1.1196,226765,1.0845,126,59,1951.8,2.63,120,1.0500,126,1.0000,48489,,0.0000,0.1780,,0,0.0000,0.0000,0.0000,0.1780,0,,,0.0000,
0002,千房FC,500002,FC第2エリア,534   ,札幌アスティ４５店,2026/06/07,日,日祝,,曇,18.0,11.0,計,190699,190000,1.0037,1.0973,131181,1.4537,89,43,2142.7,1.85,114,0.7807,85,1.0471,48450,,0.0000,0.1467,,0,0.0000,0.0000,0.0000,0.1467,0,,,0.0000,
0002,千房FC,500001,FC第1エリア,535   ,丸太町七本松店,2026/06/01,月,平日,,晴,32.0,20.0,計,31964,30000,1.0655,1.0655,23191,1.3783,20,15,1598.2,0.77,11,1.8182,12,1.6667,11930,,0.0000,0.0000,,0,0.0000,0.0000,0.0000,0.0000,0,,,0.0000,
0002,千房FC,500001,FC第1エリア,535   ,丸太町七本松店,2026/06/02,火,平日,,雨,23.0,20.0,計,19858,25000,0.7943,0.9422,3988,4.9794,17,10,1168.1,0.65,9,1.8889,2,8.5000,11930,8738,0.4400,0.1686,,0,0.0000,0.0000,0.4400,0.1686,0,,,0.0000,
0002,千房FC,500001,FC第1エリア,535   ,丸太町七本松店,2026/06/03,水,平日,休,曇,25.0,19.0,計,,0,,0.9422,,,,,,0,0,,,,0,,,0.1686,,0,,0.0000,,0.1686,0,,,,
0002,千房FC,500001,FC第1エリア,535   ,丸太町七本松店,2026/06/04,木,平日,,晴,26.0,20.0,計,12090,30000,0.4030,0.7519,15802,0.7651,11,8,1099.1,0.42,11,1.0000,12,0.9167,11930,1530,0.1266,0.1607,,0,0.0000,0.0000,0.1266,0.1607,0,,,0.0000,
0002,千房FC,500001,FC第1エリア,535   ,丸太町七本松店,2026/06/05,金,平日,,雨,23.0,18.0,計,34600,30000,1.1533,0.8566,32646,1.0599,24,17,1441.7,0.92,11,2.1818,19,1.2632,11930,23315,0.6738,0.3409,,0,0.0000,0.0000,0.6738,0.3409,0,,,0.0000,
0002,千房FC,500001,FC第1エリア,535   ,丸太町七本松店,2026/06/06,土,土曜,,曇,28.0,20.0,計,16529,30000,0.5510,0.7934,56302,0.2936,8,5,2066.1,0.31,17,0.4706,30,0.2667,18690,,0.0000,0.2919,,0,0.0000,0.0000,0.0000,0.2919,0,,,0.0000,
0002,千房FC,500001,FC第1エリア,535   ,丸太町七本松店,2026/06/07,日,日祝,,雨,23.0,19.0,計,17989,30000,0.5996,0.7602,29524,0.6093,12,8,1499.1,0.46,18,0.6667,15,0.8000,15890,,0.0000,0.2524,,0,0.0000,0.0000,0.0000,0.2524,0,,,0.0000,
0002,千房FC,500001,FC第1エリア,537   ,橋本高野口店,2026/06/01,月,平日,,晴,30.0,16.0,計,,,,,68279,0.0000,,,,0,,,42,0.0000,,,,,,0,,,,,0,,,,
0002,千房FC,500001,FC第1エリア,537   ,橋本高野口店,2026/06/02,火,平日,,雨,22.0,18.0,計,,,,,55629,0.0000,,,,0,,,38,0.0000,,,,,,0,,,,,0,,,,
0002,千房FC,500001,FC第1エリア,537   ,橋本高野口店,2026/06/03,水,平日,,曇,24.0,19.0,計,,,,,76487,0.0000,,,,0,,,57,0.0000,,,,,,0,,,,,0,,,,
0002,千房FC,500001,FC第1エリア,537   ,橋本高野口店,2026/06/04,木,平日,,曇,24.0,18.0,計,,,,,,,,,,0,,,,,,,,,,0,,,,,0,,,,
0002,千房FC,500001,FC第1エリア,537   ,橋本高野口店,2026/06/05,金,平日,,曇,23.0,18.0,計,,,,,103137,0.0000,,,,0,,,70,0.0000,,,,,,0,,,,,0,,,,
0002,千房FC,500001,FC第1エリア,537   ,橋本高野口店,2026/06/06,土,土曜,,曇,27.0,18.0,計,,,,,169519,0.0000,,,,0,,,118,0.0000,,,,,,0,,,,,0,,,,
0002,千房FC,500001,FC第1エリア,537   ,橋本高野口店,2026/06/07,日,日祝,,雨,20.0,18.0,計,,,,,193123,0.0000,,,,0,,,137,0.0000,,,,,,0,,,,,0,,,,
0002,千房FC,500002,FC第2エリア,541   ,仙台一番町店,2026/06/01,月,平日,,晴,29.0,18.0,計,63638,80000,0.7955,0.7955,15441,4.1214,34,6,1871.7,0.63,32,1.0625,12,2.8333,25813,,0.0000,0.0000,,0,0.0000,0.0000,0.0000,0.0000,0,,,0.0000,
0002,千房FC,500002,FC第2エリア,541   ,仙台一番町店,2026/06/02,火,平日,,晴,25.0,18.0,計,43437,80000,0.5430,0.6692,59924,0.7249,16,8,2714.8,0.30,32,0.5000,24,0.6667,25813,,0.0000,0.0000,,0,0.0000,0.0000,0.0000,0.0000,0,,,0.0000,
0002,千房FC,500002,FC第2エリア,541   ,仙台一番町店,2026/06/03,水,平日,,雨,20.0,16.0,計,51930,80000,0.6491,0.6625,147643,0.3517,25,11,2077.2,0.46,32,0.7813,43,0.5814,25813,,0.0000,0.0000,,0,0.0000,0.0000,0.0000,0.0000,0,,,0.0000,
0002,千房FC,500002,FC第2エリア,541   ,仙台一番町店,2026/06/04,木,平日,,晴,21.0,16.0,計,33994,80000,0.4249,0.6031,61509,0.5527,18,8,1888.6,0.33,32,0.5625,25,0.7200,25813,,0.0000,0.0000,,0,0.0000,0.0000,0.0000,0.0000,0,,,0.0000,
0002,千房FC,500002,FC第2エリア,541   ,仙台一番町店,2026/06/05,金,平日,,曇,17.0,13.0,計,87717,90000,0.9746,0.6847,180617,0.4857,24,11,3654.9,0.44,36,0.6667,69,0.3478,25813,,0.0000,0.0000,,0,0.0000,0.0000,0.0000,0.0000,0,,,0.0000,
0002,千房FC,500002,FC第2エリア,541   ,仙台一番町店,2026/06/06,土,土曜,,曇,16.0,12.0,計,144044,160000,0.9003,0.7452,172277,0.8361,48,23,3000.9,0.89,64,0.7500,60,0.8000,51626,,0.0000,0.0000,,0,0.0000,0.0000,0.0000,0.0000,0,,,0.0000,
0002,千房FC,500002,FC第2エリア,541   ,仙台一番町店,2026/06/07,日,日祝,,曇,17.0,14.0,計,116481,150000,0.7765,0.7517,114692,1.0156,52,20,2240.0,0.96,74,0.7027,51,1.0196,48400,,0.0000,0.0000,,0,0.0000,0.0000,0.0000,0.0000,0,,,0.0000,
0002,千房FC,500004,FC第4エリア,542   ,広島パセーラ店,2026/06/01,月,平日,,晴,30.0,21.0,計,69484,80000,0.8686,0.8686,36772,1.8896,30,22,2316.1,0.54,48,0.6250,26,1.1538,57120,,0.0000,0.0000,,0,0.0000,0.0000,0.0000,0.0000,0,,,0.0000,
0002,千房FC,500004,FC第4エリア,542   ,広島パセーラ店,2026/06/02,火,平日,,雨,23.0,19.0,計,69562,80000,0.8695,0.8690,61516,1.1308,47,31,1480.0,0.84,48,0.9792,41,1.1463,57120,,0.0000,0.0000,,0,0.0000,0.0000,0.0000,0.0000,0,,,0.0000,
0002,千房FC,500004,FC第4エリア,542   ,広島パセーラ店,2026/06/03,水,平日,休,曇,29.0,22.0,計,,0,,0.8690,,,,,,0,0,,,,0,,,0.0000,,0,,0.0000,,0.0000,0,,,,
0002,千房FC,500004,FC第4エリア,542   ,広島パセーラ店,2026/06/04,木,平日,,雨,23.0,20.0,計,93207,80000,1.1651,0.9677,53215,1.7515,53,22,1758.6,0.95,48,1.1042,39,1.3590,57120,,0.0000,0.0000,,0,0.0000,0.0000,0.0000,0.0000,0,,,0.0000,
0002,千房FC,500004,FC第4エリア,542   ,広島パセーラ店,2026/06/05,金,平日,,晴,25.0,20.0,計,65236,85000,0.7675,0.9154,58208,1.1207,43,25,1517.1,0.77,51,0.8431,43,1.0000,57120,,0.0000,0.0000,,0,0.0000,0.0000,0.0000,0.0000,0,,,0.0000,
0002,千房FC,500004,FC第4エリア,542   ,広島パセーラ店,2026/06/06,土,土曜,,曇,28.0,22.0,計,117168,120000,0.9764,0.9318,227329,0.5154,77,39,1521.7,1.38,78,0.9872,162,0.4753,82578,,0.0000,0.0000,,0,0.0000,0.0000,0.0000,0.0000,0,,,0.0000,
0002,千房FC,500004,FC第4エリア,542   ,広島パセーラ店,2026/06/07,日,日祝,,曇,24.0,22.0,計,170873,130000,1.3144,1.0183,210116,0.8132,110,52,1553.4,1.96,86,1.2791,152,0.7237,82578,,0.0000,0.0000,,0,0.0000,0.0000,0.0000,0.0000,0,,,0.0000,
0002,千房FC,500002,FC第2エリア,544   ,静岡パルシェ店,2026/06/01,月,平日,,晴,27.0,18.0,計,100389,115000,0.8729,0.8729,64890,1.5471,45,25,2230.9,1.13,69,0.6522,36,1.2500,22616,157361,1.5675,1.5675,,0,0.0000,0.0000,1.5675,1.5675,0,,,0.0000,
0002,千房FC,500002,FC第2エリア,544   ,静岡パルシェ店,2026/06/02,火,平日,,雨,23.0,18.0,計,119361,115000,1.0379,0.9554,80588,1.4811,41,21,2911.2,1.03,69,0.5942,26,1.5769,22616,15339,0.1285,0.7859,,0,0.0000,0.0000,0.1285,0.7859,0,,,0.0000,
0002,千房FC,500002,FC第2エリア,544   ,静岡パルシェ店,2026/06/03,水,平日,,晴,27.0,18.0,計,,115000,0.0000,0.6370,68184,0.0000,,,,0,69,0.0000,36,0.0000,22616,,,0.7859,,0,,0.0000,,0.7859,0,,,,
0002,千房FC,500002,FC第2エリア,544   ,静岡パルシェ店,2026/06/04,木,平日,,曇,22.0,19.0,計,70142,115000,0.6099,0.6302,93628,0.7492,33,20,2125.5,0.83,69,0.4783,53,0.6226,22616,50994,0.7270,0.7716,,0,0.0000,0.0000,0.7270,0.7716,0,,,0.0000,
0002,千房FC,500002,FC第2エリア,544   ,静岡パルシェ店,2026/06/05,金,平日,,曇,24.0,18.0,計,121199,115000,1.0539,0.7149,135214,0.8963,52,29,2330.8,1.30,69,0.7536,65,0.8000,22616,15930,0.1314,0.5829,,0,0.0000,0.0000,0.1314,0.5829,0,,,0.0000,
0002,千房FC,500002,FC第2エリア,544   ,静岡パルシェ店,2026/06/06,土,土曜,,曇,23.0,19.0,計,234844,210000,1.1183,0.8228,245530,0.9565,112,60,2096.8,2.80,112,1.0000,127,0.8819,39270,7480,0.0319,0.3826,,0,0.0000,0.0000,0.0319,0.3826,0,,,0.0000,
0002,千房FC,500002,FC第2エリア,544   ,静岡パルシェ店,2026/06/07,日,日祝,,雨,21.0,19.0,計,251078,195000,1.2876,0.9153,199615,1.2578,115,55,2183.3,2.88,97,1.1856,110,1.0455,37245,,0.0000,0.2755,,0,0.0000,0.0000,0.0000,0.2755,0,,,0.0000,
0002,千房FC,500001,FC第1エリア,546   ,江坂店,2026/06/01,月,平日,,晴,30.0,21.0,計,48906,70000,0.6987,0.6987,71576,0.6833,35,26,1397.3,1.03,42,0.8333,48,0.7292,13090,70202,1.4354,1.4354,,0,0.0000,0.0000,1.4354,1.4354,0,,,0.0000,
0002,千房FC,500001,FC第1エリア,546   ,江坂店,2026/06/02,火,平日,休,雨,23.0,19.0,計,,0,,0.6987,,,,,,0,0,,,,0,,,1.4354,,0,,0.0000,,1.4354,0,,,,
0002,千房FC,500001,FC第1エリア,546   ,江坂店,2026/06/03,水,平日,,曇,26.0,19.0,計,465214,70000,6.6459,3.6723,72175,6.4456,219,26,2124.3,6.44,42,5.2143,34,6.4412,13090,,0.0000,0.1365,,0,0.0000,0.0000,0.0000,0.1365,0,,,0.0000,
0002,千房FC,500001,FC第1エリア,546   ,江坂店,2026/06/04,木,平日,,晴,26.0,20.0,計,102491,70000,1.4642,2.9362,247096,0.4148,46,26,2228.1,1.35,42,1.0952,99,0.4646,13090,30020,0.2929,0.1625,,0,0.0000,0.0000,0.2929,0.1625,0,,,0.0000,
0002,千房FC,500001,FC第1エリア,546   ,江坂店,2026/06/05,金,平日,,曇,23.0,18.0,計,66376,80000,0.8297,2.3551,94313,0.7038,42,28,1580.4,1.24,48,0.8750,52,0.8077,13090,,0.0000,0.1467,,0,0.0000,0.0000,0.0000,0.1467,0,,,0.0000,
0002,千房FC,500001,FC第1エリア,546   ,江坂店,2026/06/06,土,土曜,,晴,28.0,20.0,計,98280,140000,0.7020,1.8169,76164,1.2904,51,20,1927.1,1.50,84,0.6071,46,1.1087,24479,,0.0000,0.1283,,0,0.0000,0.0000,0.0000,0.1283,0,,,0.0000,
0002,千房FC,500001,FC第1エリア,546   ,江坂店,2026/06/07,日,日祝,,雨,22.0,19.0,計,108862,140000,0.7776,1.5616,144086,0.7555,39,18,2791.3,1.15,70,0.5571,77,0.5065,24479,,0.0000,0.1126,,0,0.0000,0.0000,0.0000,0.1126,0,,,0.0000,
0002,千房FC,500002,FC第2エリア,554   ,ザ・モール仙台長町店,2026/06/01,月,平日,,晴,28.0,17.0,計,59227,70000,0.8461,0.8461,53333,1.1105,37,20,1600.7,0.74,38,0.9737,33,1.1212,0,70358,1.1879,1.1879,,0,0.0000,0.0000,1.1879,1.1879,0,,,0.0000,
0002,千房FC,500002,FC第2エリア,554   ,ザ・モール仙台長町店,2026/06/02,火,平日,,晴,25.0,18.0,計,52917,70000,0.7560,0.8010,24376,2.1709,23,12,2300.7,0.46,38,0.6053,13,1.7692,0,20853,0.3941,0.8133,,0,0.0000,0.0000,0.3941,0.8133,0,,,0.0000,
0002,千房FC,500002,FC第2エリア,554   ,ザ・モール仙台長町店,2026/06/03,水,平日,,雨,20.0,16.0,計,83626,70000,1.1947,0.9322,26051,3.2101,44,19,1900.6,0.88,38,1.1579,18,2.4444,0,5741,0.0687,0.4952,,0,0.0000,0.0000,0.0687,0.4952,0,,,0.0000,
0002,千房FC,500002,FC第2エリア,554   ,ザ・モール仙台長町店,2026/06/04,木,平日,,晴,21.0,16.0,計,63430,70000,0.9061,0.9257,58373,1.0866,33,16,1922.1,0.66,38,0.8684,32,1.0313,0,5967,0.0941,0.3971,,0,0.0000,0.0000,0.0941,0.3971,0,,,0.0000,
0002,千房FC,500002,FC第2エリア,554   ,ザ・モール仙台長町店,2026/06/05,金,平日,,曇,17.0,13.0,計,69090,70000,0.9870,0.9380,74058,0.9329,38,20,1818.2,0.76,38,1.0000,43,0.8837,0,7844,0.1135,0.3374,,0,0.0000,0.0000,0.1135,0.3374,0,,,0.0000,
0002,千房FC,500002,FC第2エリア,554   ,ザ・モール仙台長町店,2026/06/06,土,土曜,,曇,16.0,12.0,計,199281,210000,0.9490,0.9421,152246,1.3089,115,52,1732.9,2.30,127,0.9055,96,1.1979,0,18746,0.0941,0.2455,,0,0.0000,0.0000,0.0941,0.2455,0,,,0.0000,
0002,千房FC,500002,FC第2エリア,554   ,ザ・モール仙台長町店,2026/06/07,日,日祝,,曇,17.0,14.0,計,161469,200000,0.8073,0.9066,163822,0.9856,93,43,1736.2,1.86,126,0.7381,95,0.9789,0,,0.0000,0.1880,,0,0.0000,0.0000,0.0000,0.1880,0,,,0.0000,
0002,千房FC,500003,FC第3エリア,558   ,ADVANCE 広尾店,2026/06/01,月,平日,,晴,31.0,20.0,計,227077,210000,1.0813,1.0813,54035,4.2024,14,5,16219.8,0.67,20,0.7000,5,2.8000,0,76817,0.3383,0.3383,,8981,0.0396,0.0396,0.3778,0.3778,336,40549.5,,0.0000,
0002,千房FC,500003,FC第3エリア,558   ,ADVANCE 広尾店,2026/06/02,火,平日,,曇,25.0,20.0,計,205722,210000,0.9796,1.0305,29400,6.9973,10,4,20572.2,0.48,20,0.5000,2,5.0000,0,103352,0.5024,0.4163,,26171,0.1272,0.0812,0.6296,0.4975,1012,12197.0,,0.0000,
0002,千房FC,500003,FC第3エリア,558   ,ADVANCE 広尾店,2026/06/03,水,平日,,雨,20.0,18.0,計,111720,210000,0.5320,0.8643,66115,1.6898,7,2,15960.0,0.33,20,0.3500,5,1.4000,0,17806,0.1594,0.3636,,33805,0.3026,0.1266,0.4620,0.4902,1292,5188.2,,0.0000,
0002,千房FC,500003,FC第3エリア,558   ,ADVANCE 広尾店,2026/06/04,木,平日,,曇,23.0,19.0,計,275750,210000,1.3131,0.9765,404000,0.6826,15,4,18383.3,0.71,20,0.7500,16,0.9375,0,48763,0.1768,0.3008,,17230,0.0625,0.1051,0.2393,0.4059,675,24511.1,,0.0000,
0002,千房FC,500003,FC第3エリア,558   ,ADVANCE 広尾店,2026/06/05,金,平日,,曇,20.0,17.0,計,439482,220000,1.9976,1.1884,304175,1.4448,23,9,19107.9,1.10,21,1.0952,15,1.5333,0,60291,0.1372,0.2437,,19355,0.0440,0.0838,0.1812,0.3275,730,36121.8,,0.0000,
0002,千房FC,500003,FC第3エリア,558   ,ADVANCE 広尾店,2026/06/06,土,土曜,,曇,23.0,16.0,計,354454,250000,1.4178,1.2322,361118,0.9815,23,8,15411.0,1.10,10,2.3000,31,0.7419,0,,0.0000,0.1902,,27780,0.0784,0.0826,0.0784,0.2728,1057,20120.4,,0.0000,
0002,千房FC,500003,FC第3エリア,558   ,ADVANCE 広尾店,2026/06/07,日,日祝,,曇,21.0,17.0,計,393688,250000,1.5748,1.2871,107930,3.6476,28,10,14060.3,1.33,9,3.1111,12,2.3333,0,,0.0000,0.1529,,51361,0.1305,0.0920,0.1305,0.2449,1914,12341.3,,0.0000,
0002,千房FC,500004,FC第4エリア,560   ,イオンモール白山店,2026/06/01,月,平日,,晴,28.0,19.0,計,89809,93000,0.9657,0.9657,64755,1.3869,57,30,1575.6,1.14,61,0.9344,49,1.1633,0,,0.0000,0.0000,,0,0.0000,0.0000,0.0000,0.0000,0,,,0.0000,
0002,千房FC,500004,FC第4エリア,560   ,イオンモール白山店,2026/06/02,火,平日,,雨,25.0,20.0,計,83736,93000,0.9004,0.9330,75659,1.1068,57,28,1469.1,1.14,61,0.9344,52,1.0962,0,88334,1.0549,0.5090,,0,0.0000,0.0000,1.0549,0.5090,0,,,0.0000,
0002,千房FC,500004,FC第4エリア,560   ,イオンモール白山店,2026/06/03,水,平日,,曇,23.0,18.0,計,72337,93000,0.7778,0.8813,75022,0.9642,44,24,1644.0,0.88,61,0.7213,54,0.8148,0,3420,0.0473,0.3732,,0,0.0000,0.0000,0.0473,0.3732,0,,,0.0000,
0002,千房FC,500004,FC第4エリア,560   ,イオンモール白山店,2026/06/04,木,平日,,曇,24.0,19.0,計,51939,93000,0.5585,0.8006,49628,1.0466,42,22,1236.6,0.84,61,0.6885,39,1.0769,0,11668,0.2246,0.3473,,0,0.0000,0.0000,0.2246,0.3473,0,,,0.0000,
0002,千房FC,500004,FC第4エリア,560   ,イオンモール白山店,2026/06/05,金,平日,,曇,25.0,19.0,計,120183,93000,1.2923,0.8989,110513,1.0875,76,37,1581.4,1.52,61,1.2459,72,1.0556,0,11000,0.0915,0.2737,,0,0.0000,0.0000,0.0915,0.2737,0,,,0.0000,
0002,千房FC,500004,FC第4エリア,560   ,イオンモール白山店,2026/06/06,土,土曜,,晴,25.0,20.0,計,204588,220000,0.9299,0.9089,186148,1.0991,141,59,1451.0,2.82,151,0.9338,140,1.0071,0,7400,0.0362,0.1957,,0,0.0000,0.0000,0.0362,0.1957,0,,,0.0000,
0002,千房FC,500004,FC第4エリア,560   ,イオンモール白山店,2026/06/07,日,日祝,,曇,26.0,20.0,計,254824,200000,1.2741,0.9914,221501,1.1504,176,65,1447.9,3.52,140,1.2571,152,1.1579,0,,0.0000,0.1388,,0,0.0000,0.0000,0.0000,0.1388,0,,,0.0000,
0002,千房FC,500001,FC第1エリア,561   ,京都祇園店,2026/06/01,月,平日,,晴,31.0,20.0,計,103143,95000,1.0857,1.0857,210858,0.4892,48,17,2148.8,1.17,32,1.5000,83,0.5783,0,25733,0.2495,0.2495,,0,0.0000,0.0000,0.2495,0.2495,0,,,0.0000,
0002,千房FC,500001,FC第1エリア,561   ,京都祇園店,2026/06/02,火,平日,,雨,23.0,19.0,計,79686,95000,0.8388,0.9623,87116,0.9147,30,14,2656.2,0.73,32,0.9375,43,0.6977,0,2040,0.0256,0.1519,,0,0.0000,0.0000,0.0256,0.1519,0,,,0.0000,
0002,千房FC,500001,FC第1エリア,561   ,京都祇園店,2026/06/03,水,平日,,曇,25.0,19.0,計,101006,95000,1.0632,0.9959,159223,0.6344,54,18,1870.5,1.32,32,1.6875,71,0.7606,0,,0.0000,0.0978,,0,0.0000,0.0000,0.0000,0.0978,0,,,0.0000,
0002,千房FC,500001,FC第1エリア,561   ,京都祇園店,2026/06/04,木,平日,,晴,25.0,20.0,計,77832,95000,0.8193,0.9518,155911,0.4992,31,13,2510.7,0.76,32,0.9688,63,0.4921,0,26372,0.3388,0.1497,,0,0.0000,0.0000,0.3388,0.1497,0,,,0.0000,
0002,千房FC,500001,FC第1エリア,561   ,京都祇園店,2026/06/05,金,平日,,雨,23.0,18.0,計,135147,95000,1.4226,1.0459,161574,0.8364,59,21,2290.6,1.44,32,1.8438,73,0.8082,0,23374,0.1730,0.1560,,0,0.0000,0.0000,0.1730,0.1560,0,,,0.0000,
0002,千房FC,500001,FC第1エリア,561   ,京都祇園店,2026/06/06,土,土曜,,曇,27.0,20.0,計,81561,130000,0.6274,0.9560,212370,0.3841,33,13,2471.5,0.80,52,0.6346,79,0.4177,0,,0.0000,0.1340,,0,0.0000,0.0000,0.0000,0.1340,0,,,0.0000,
0002,千房FC,500001,FC第1エリア,561   ,京都祇園店,2026/06/07,日,日祝,,雨,22.0,19.0,計,92198,120000,0.7683,0.9249,86854,1.0615,45,14,2048.8,1.10,48,0.9375,39,1.1538,0,3060,0.0332,0.1202,,0,0.0000,0.0000,0.0332,0.1202,0,,,0.0000,
0002,千房FC,500002,FC第2エリア,562   ,せんちゅうパル店,2026/06/01,月,平日,,晴,29.0,21.0,計,138485,195000,0.7102,0.7102,160210,0.8644,70,36,1978.4,2.59,136,0.5147,104,0.6731,0,,0.0000,0.0000,0,89859,0.6489,0.6489,0.6489,0.6489,3620,2295.3,,0.0000,
0002,千房FC,500002,FC第2エリア,562   ,せんちゅうパル店,2026/06/02,火,平日,,雨,23.0,19.0,計,117576,195000,0.6030,0.6566,178614,0.6583,67,35,1754.9,2.48,136,0.4926,103,0.6505,0,79980,0.6802,0.3123,0,71532,0.6084,0.6303,1.2886,0.9426,3084,2287.5,,0.0000,
0002,千房FC,500002,FC第2エリア,562   ,せんちゅうパル店,2026/06/03,水,平日,休,曇,26.0,19.0,計,,0,,0.6566,,,,,,0,0,,,,0,1355,,0.3176,0,0,,0.6303,,0.9479,0,,,,
0002,千房FC,500002,FC第2エリア,562   ,せんちゅうパル店,2026/06/04,木,平日,,晴,26.0,19.0,計,157006,195000,0.8052,0.7061,187127,0.8390,96,55,1635.5,3.56,136,0.7059,122,0.7869,0,48252,0.3073,0.3137,0,84897,0.5407,0.5962,0.8481,0.9100,3761,2504.7,,0.0000,
0002,千房FC,500002,FC第2エリア,562   ,せんちゅうパル店,2026/06/05,金,平日,,曇,23.0,18.0,計,188802,195000,0.9682,0.7716,192652,0.9800,97,57,1946.4,3.59,136,0.7132,116,0.8362,0,19738,0.1045,0.2481,0,87024,0.4609,0.5538,0.5655,0.8019,3879,2920.4,,0.0000,
0002,千房FC,500002,FC第2エリア,562   ,せんちゅうパル店,2026/06/06,土,土曜,,晴,27.0,20.0,計,287228,250000,1.1489,0.8632,298207,0.9632,172,76,1669.9,6.37,161,1.0683,191,0.9005,0,65877,0.2294,0.2420,0,91662,0.3191,0.4780,0.5485,0.7200,3867,4456.6,,0.0000,
0002,千房FC,500002,FC第2エリア,562   ,せんちゅうパル店,2026/06/07,日,日祝,,雨,22.0,19.0,計,251846,260000,0.9686,0.8845,272581,0.9239,139,67,1811.8,5.15,169,0.8225,176,0.7898,0,,0.0000,0.1886,0,87035,0.3456,0.4488,0.3456,0.6374,3584,4216.2,,0.0000,
0002,千房FC,500003,FC第3エリア,563   ,北新地,2026/06/01,月,平日,,晴,29.0,22.0,計,83890,157500,0.5326,0.5326,223680,0.3750,17,8,4934.7,,15,1.1333,14,1.2143,6960,44408,0.5294,0.5294,,0,0.0000,0.0000,0.5294,0.5294,0,,,0.0000,
0002,千房FC,500003,FC第3エリア,563   ,北新地,2026/06/02,火,平日,,雨,23.0,19.0,計,47010,157500,0.2985,0.4156,163000,0.2884,14,6,3357.9,,15,0.9333,19,0.7368,6960,175,0.0037,0.3406,,0,0.0000,0.0000,0.0037,0.3406,0,,,0.0000,
0002,千房FC,500003,FC第3エリア,563   ,北新地,2026/06/03,水,平日,,曇,27.0,19.0,計,156640,231000,0.6781,0.5266,56034,2.7954,17,7,9214.1,,22,0.7727,7,2.4286,6960,26530,0.1694,0.2473,,0,0.0000,0.0000,0.1694,0.2473,0,,,0.0000,
0002,千房FC,500003,FC第3エリア,563   ,北新地,2026/06/04,木,平日,,晴,27.0,20.0,計,308700,231000,1.3364,0.7674,262975,1.1739,44,11,7015.9,,22,2.0000,25,1.7600,6960,13135,0.0425,0.1413,,0,0.0000,0.0000,0.0425,0.1413,0,,,0.0000,
0002,千房FC,500003,FC第3エリア,563   ,北新地,2026/06/05,金,平日,,曇,24.0,19.0,計,191020,231000,0.8269,0.7810,302390,0.6317,18,7,10612.2,,22,0.8182,16,1.1250,6960,2776,0.0145,0.1105,,0,0.0000,0.0000,0.0145,0.1105,0,,,0.0000,
0002,千房FC,500003,FC第3エリア,563   ,北新地,2026/06/06,土,土曜,,晴,27.0,20.0,計,172360,157500,1.0943,0.8234,23520,7.3282,9,2,19151.1,,15,0.6000,2,4.5000,9280,,0.0000,0.0907,,0,0.0000,0.0000,0.0000,0.0907,0,,,0.0000,
0002,千房FC,500003,FC第3エリア,563   ,北新地,2026/06/07,日,日祝,休,雨,22.0,19.0,計,,0,,0.8234,,,,,,,0,,,,0,,,0.0907,,0,,0.0000,,0.0907,0,,,,
1004,千房フロンティア,300000,IZAKAYA事業部,703   ,いやさか 福島本店,2026/06/01,月,平日,,晴,28.0,22.0,計,153931,360000,0.4276,0.4276,355243,0.4333,43,9,3579.8,0.60,94,0.4574,88,0.4886,0,127912,0.8310,0.8310,0,61139,0.3972,0.3972,1.2282,1.2282,2737,3374.4,,0.0000,
1004,千房フロンティア,300000,IZAKAYA事業部,703   ,いやさか 福島本店,2026/06/02,火,平日,,雨,23.0,19.0,計,201319,360000,0.5592,0.4934,389428,0.5170,46,12,4376.5,0.64,94,0.4894,93,0.4946,0,58497,0.2906,0.5247,0,64879,0.3223,0.3547,0.6128,0.8795,2827,4272.8,,0.0000,
1004,千房フロンティア,300000,IZAKAYA事業部,703   ,いやさか 福島本店,2026/06/03,水,平日,,曇,27.0,19.0,計,155007,360000,0.4306,0.4725,336599,0.4605,44,13,3522.9,0.61,94,0.4681,97,0.4536,0,5632,0.0363,0.3764,0,69751,0.4500,0.3837,0.4863,0.7600,3063,3036.4,,0.0000,
1004,千房フロンティア,300000,IZAKAYA事業部,703   ,いやさか 福島本店,2026/06/04,木,平日,,晴,27.0,20.0,計,305197,360000,0.8478,0.5663,389935,0.7827,76,15,4015.8,1.06,94,0.8085,99,0.7677,0,84621,0.2773,0.3393,0,96062,0.3148,0.3579,0.5920,0.6971,4164,4397.7,,0.0000,
1004,千房フロンティア,300000,IZAKAYA事業部,703   ,いやさか 福島本店,2026/06/05,金,平日,,曇,24.0,19.0,計,452326,400000,1.1308,0.6890,386954,1.1689,98,16,4615.6,1.36,105,0.9333,114,0.8596,0,52872,0.1169,0.2599,0,86331,0.1909,0.2983,0.3077,0.5582,3744,7248.8,,0.0000,
1004,千房フロンティア,300000,IZAKAYA事業部,703   ,いやさか 福島本店,2026/06/06,土,土曜,,晴,27.0,20.0,計,303818,360000,0.8439,0.7144,343484,0.8845,89,23,3413.7,1.24,94,0.9468,94,0.9468,0,,0.0000,0.2097,0,84582,0.2784,0.2944,0.2784,0.5041,3678,4956.2,,0.0000,
1004,千房フロンティア,300000,IZAKAYA事業部,703   ,いやさか 福島本店,2026/06/07,日,日祝,,雨,23.0,19.0,計,,0,,0.7144,,,,,,0,0,,,,0,,,0.2097,0,0,,0.2944,,0.5041,0,,,,
1004,千房フロンティア,300000,IZAKAYA事業部,705   ,ときわ福島,2026/06/01,月,平日,,晴,28.0,22.0,計,93947,110000,0.8541,0.8541,60475,1.5535,22,3,4270.3,0.55,30,0.7333,17,1.2941,0,32626,0.3473,0.3473,0,27132,0.2888,0.2888,0.6361,0.6361,1218,4627.9,,0.0000,
1004,千房フロンティア,300000,IZAKAYA事業部,705   ,ときわ福島,2026/06/02,火,平日,,雨,23.0,19.0,計,81611,110000,0.7419,0.7980,66957,1.2189,20,3,4080.6,0.50,30,0.6667,15,1.3333,0,10040,0.1230,0.2430,0,9362,0.1147,0.2079,0.2377,0.4509,373,13127.8,,0.0000,
1004,千房フロンティア,300000,IZAKAYA事業部,705   ,ときわ福島,2026/06/03,水,平日,,曇,27.0,19.0,計,84148,110000,0.7650,0.7870,87766,0.9588,20,5,4207.4,0.50,30,0.6667,26,0.7692,0,24417,0.2902,0.2583,0,16019,0.1904,0.2022,0.4805,0.4605,674,7490.9,,0.0000,
1004,千房フロンティア,300000,IZAKAYA事業部,705   ,ときわ福島,2026/06/04,木,平日,,晴,27.0,20.0,計,70304,120000,0.5859,0.7334,129060,0.5447,22,8,3195.6,0.55,32,0.6875,33,0.6667,0,21196,0.3015,0.2675,0,0,0.0000,0.1591,0.3015,0.4266,0,,,0.0000,
1004,千房フロンティア,300000,IZAKAYA事業部,705   ,ときわ福島,2026/06/05,金,平日,,曇,24.0,19.0,計,132496,135000,0.9815,0.7906,118029,1.1226,36,10,3680.4,0.90,36,1.0000,29,1.2414,0,17690,0.1335,0.2291,0,36277,0.2738,0.1920,0.4073,0.4211,1590,4999.8,,0.0000,
1004,千房フロンティア,300000,IZAKAYA事業部,705   ,ときわ福島,2026/06/06,土,土曜,,晴,27.0,20.0,計,140022,110000,1.2729,0.8669,86002,1.6281,38,9,3684.8,0.95,30,1.2667,28,1.3571,0,25550,0.1825,0.2183,0,20016,0.1429,0.1806,0.3254,0.3989,814,10321.0,,0.0000,
1004,千房フロンティア,300000,IZAKAYA事業部,705   ,ときわ福島,2026/06/07,日,日祝,,雨,23.0,19.0,計,,0,,0.8669,,,,,,0,0,,,,0,,,0.2183,0,0,,0.1806,,0.3989,0,,,,
1004,千房フロンティア,300000,IZAKAYA事業部,706   ,いやさか別邸(旧 大阪吉野工房),2026/06/01,月,平日,,晴,28.0,22.0,計,0,2000,0.0000,0.0000,0,,0,0,,,1,0.0000,0,,0,,,,0,0,,,,,0,,,,
1004,千房フロンティア,300000,IZAKAYA事業部,706   ,いやさか別邸(旧 大阪吉野工房),2026/06/02,火,平日,,雨,23.0,19.0,計,0,2000,0.0000,0.0000,4093,0.0000,0,0,,,1,0.0000,2,0.0000,0,,,,0,0,,,,,0,,,,
1004,千房フロンティア,300000,IZAKAYA事業部,706   ,いやさか別邸(旧 大阪吉野工房),2026/06/03,水,平日,,曇,27.0,19.0,計,2278,2000,1.1390,0.3797,1139,2.0000,1,1,2278.0,,1,1.0000,1,1.0000,0,,0.0000,0.0000,0,0,0.0000,0.0000,0.0000,0.0000,0,,,0.0000,
1004,千房フロンティア,300000,IZAKAYA事業部,706   ,いやさか別邸(旧 大阪吉野工房),2026/06/04,木,平日,,晴,27.0,20.0,計,0,2000,0.0000,0.2848,3139,0.0000,0,0,,,1,0.0000,1,0.0000,0,,,0.0000,0,0,,0.0000,,0.0000,0,,,,
1004,千房フロンティア,300000,IZAKAYA事業部,706   ,いやさか別邸(旧 大阪吉野工房),2026/06/05,金,平日,,曇,24.0,19.0,計,0,2000,0.0000,0.2278,0,,0,0,,,1,0.0000,0,,0,,,0.0000,0,0,,0.0000,,0.0000,0,,,,
1004,千房フロンティア,300000,IZAKAYA事業部,706   ,いやさか別邸(旧 大阪吉野工房),2026/06/06,土,土曜,,晴,27.0,20.0,計,0,2000,0.0000,0.1898,1204,0.0000,0,0,,,1,0.0000,1,0.0000,0,,,0.0000,0,0,,0.0000,,0.0000,0,,,,
1004,千房フロンティア,300000,IZAKAYA事業部,706   ,いやさか別邸(旧 大阪吉野工房),2026/06/07,日,日祝,,雨,23.0,19.0,計,,0,,0.1898,,,,,,,0,,,,0,,,0.0000,0,0,,0.0000,,0.0000,0,,,,
